


-------------------------------------------------------------------------------------------
------------------------------------ Head, Cell & Content ---------------------------------
--------------------------------------     Content     ------------------------------------
-------------------------------------------------------------------------------------------



------------------------------------- Head Table Content -------------------------------------


---- tables  ----
INSERT INTO gfbio_head (headid, table_name, table_type)VALUES('1','gfbio_category','entity');
INSERT INTO gfbio_head (headid, table_name, table_type)VALUES('2','gfbio_researchfield','entity');
INSERT INTO gfbio_head (headid, table_name, table_type)VALUES('3','gfbio_persistentidentifier','entity');
INSERT INTO gfbio_head (headid, table_name, table_type)VALUES('5','gfbio_type','entity');


--- relations ----
INSERT INTO gfbio_head (headid, table_name, table_type)VALUES('4','gfbio_category_researchfield','relationship');
INSERT INTO gfbio_head (headid, table_name, table_type)VALUES('6','gfbio_category_type','relationship');
INSERT INTO gfbio_head (headid, table_name, table_type)VALUES('7','gfbio_category_dataprovider','relationship');



------------------------------------- Column Table Content -------------------------------------


 
---- tables  ----
INSERT INTO gfbio_column (columnid, headid, column_name)VALUES('1','1','id');				--gfbio_category
INSERT INTO gfbio_column (columnid, headid, column_name)VALUES('2','1','name');				--gfbio_category
INSERT INTO gfbio_column (columnid, headid, column_name)VALUES('3','1','label');			--gfbio_category
INSERT INTO gfbio_column (columnid, headid, column_name)VALUES('4','2','id');				--gfbio_researchfield
INSERT INTO gfbio_column (columnid, headid, column_name)VALUES('5','2','name');				--gfbio_researchfield
INSERT INTO gfbio_column (columnid, headid, column_name)VALUES('6','2','description');		--gfbio_researchfield
INSERT INTO gfbio_column (columnid, headid, column_name)VALUES('7','3','id');				--gfbio_persistentidentifier
INSERT INTO gfbio_column (columnid, headid, column_name)VALUES('8','3','name');				--gfbio_persistentidentifier
INSERT INTO gfbio_column (columnid, headid, column_name)VALUES('9','3','label');			--gfbio_persistentidentifier
INSERT INTO gfbio_column (columnid, headid, column_name)VALUES('12','5','id');				--gfbio_type
INSERT INTO gfbio_column (columnid, headid, column_name)VALUES('13','5','name');			--gfbio_type
INSERT INTO gfbio_column (columnid, headid, column_name)VALUES('14','5','description');		--gfbio_type


--- relations ----
INSERT INTO gfbio_column (columnid, headid, column_name)VALUES('10','4','gfbio_category');		--gfbio_category_researchfield
INSERT INTO gfbio_column (columnid, headid, column_name)VALUES('11','4','gfbio_researchfield');	--gfbio_category_researchfield
INSERT INTO gfbio_column (columnid, headid, column_name)VALUES('15','6','gfbio_category');		--gfbio_category_type
INSERT INTO gfbio_column (columnid, headid, column_name)VALUES('16','6','gfbio_type');			--gfbio_category_type
INSERT INTO gfbio_column (columnid, headid, column_name)VALUES('17','6','gfbio_category');		--gfbio_category_dataprovider
INSERT INTO gfbio_column (columnid, headid, column_name)VALUES('18','6','gfbio_dataprovider');	--gfbio_category_dataprovider





------------------------------------- Content Table Content -------------------------------------


------------
--- entities
------------


--- gfbio_category
INSERT INTO gfbio_content (contentid, headid, columnid, rowid, cellcontent)VALUES('1','1','1','1','1');
INSERT INTO gfbio_content (contentid, headid, columnid, rowid, cellcontent)VALUES('2','1','2','1','');
INSERT INTO gfbio_content (contentid, headid, columnid, rowid, cellcontent)VALUES('3','1','3','1','Africa');
INSERT INTO gfbio_content (contentid, headid, columnid, rowid, cellcontent)VALUES('4','1','1','2','4');
INSERT INTO gfbio_content (contentid, headid, columnid, rowid, cellcontent)VALUES('5','1','2','2','');
INSERT INTO gfbio_content (contentid, headid, columnid, rowid, cellcontent)VALUES('6','1','3','2','Algae');
INSERT INTO gfbio_content (contentid, headid, columnid, rowid, cellcontent)VALUES('7','1','1','3','7');
INSERT INTO gfbio_content (contentid, headid, columnid, rowid, cellcontent)VALUES('8','1','2','3','');
INSERT INTO gfbio_content (contentid, headid, columnid, rowid, cellcontent)VALUES('9','1','3','3','Amber collections');
INSERT INTO gfbio_content (contentid, headid, columnid, rowid, cellcontent)VALUES('10','1','1','4','10');
INSERT INTO gfbio_content (contentid, headid, columnid, rowid, cellcontent)VALUES('11','1','2','4','');
INSERT INTO gfbio_content (contentid, headid, columnid, rowid, cellcontent)VALUES('12','1','3','4','Antarctica');
INSERT INTO gfbio_content (contentid, headid, columnid, rowid, cellcontent)VALUES('13','1','1','5','13');
INSERT INTO gfbio_content (contentid, headid, columnid, rowid, cellcontent)VALUES('14','1','2','5','');
INSERT INTO gfbio_content (contentid, headid, columnid, rowid, cellcontent)VALUES('15','1','3','5','Anthropological collections');
INSERT INTO gfbio_content (contentid, headid, columnid, rowid, cellcontent)VALUES('16','1','1','6','16');
INSERT INTO gfbio_content (contentid, headid, columnid, rowid, cellcontent)VALUES('17','1','2','6','');
INSERT INTO gfbio_content (contentid, headid, columnid, rowid, cellcontent)VALUES('18','1','3','6','Arabic peninsula and adjacent areas');
INSERT INTO gfbio_content (contentid, headid, columnid, rowid, cellcontent)VALUES('19','1','1','7','19');
INSERT INTO gfbio_content (contentid, headid, columnid, rowid, cellcontent)VALUES('20','1','2','7','');
INSERT INTO gfbio_content (contentid, headid, columnid, rowid, cellcontent)VALUES('21','1','3','7','Arachnida');
INSERT INTO gfbio_content (contentid, headid, columnid, rowid, cellcontent)VALUES('22','1','1','8','22');
INSERT INTO gfbio_content (contentid, headid, columnid, rowid, cellcontent)VALUES('23','1','2','8','');
INSERT INTO gfbio_content (contentid, headid, columnid, rowid, cellcontent)VALUES('24','1','3','8','Arctica');
INSERT INTO gfbio_content (contentid, headid, columnid, rowid, cellcontent)VALUES('25','1','1','9','25');
INSERT INTO gfbio_content (contentid, headid, columnid, rowid, cellcontent)VALUES('26','1','2','9','');
INSERT INTO gfbio_content (contentid, headid, columnid, rowid, cellcontent)VALUES('27','1','3','9','Asia');
INSERT INTO gfbio_content (contentid, headid, columnid, rowid, cellcontent)VALUES('28','1','1','10','28');
INSERT INTO gfbio_content (contentid, headid, columnid, rowid, cellcontent)VALUES('29','1','2','10','');
INSERT INTO gfbio_content (contentid, headid, columnid, rowid, cellcontent)VALUES('30','1','3','10','Asterales');
INSERT INTO gfbio_content (contentid, headid, columnid, rowid, cellcontent)VALUES('31','1','1','11','31');
INSERT INTO gfbio_content (contentid, headid, columnid, rowid, cellcontent)VALUES('32','1','2','11','');
INSERT INTO gfbio_content (contentid, headid, columnid, rowid, cellcontent)VALUES('33','1','3','11','Aves');
INSERT INTO gfbio_content (contentid, headid, columnid, rowid, cellcontent)VALUES('34','1','1','12','34');
INSERT INTO gfbio_content (contentid, headid, columnid, rowid, cellcontent)VALUES('35','1','2','12','');
INSERT INTO gfbio_content (contentid, headid, columnid, rowid, cellcontent)VALUES('36','1','3','12','Bacteria and Archaea');
INSERT INTO gfbio_content (contentid, headid, columnid, rowid, cellcontent)VALUES('37','1','1','13','37');
INSERT INTO gfbio_content (contentid, headid, columnid, rowid, cellcontent)VALUES('38','1','2','13','');
INSERT INTO gfbio_content (contentid, headid, columnid, rowid, cellcontent)VALUES('39','1','3','13','Baden-Württemberg');
INSERT INTO gfbio_content (contentid, headid, columnid, rowid, cellcontent)VALUES('40','1','1','14','40');
INSERT INTO gfbio_content (contentid, headid, columnid, rowid, cellcontent)VALUES('41','1','2','14','');
INSERT INTO gfbio_content (contentid, headid, columnid, rowid, cellcontent)VALUES('42','1','3','14','Bavaria');
INSERT INTO gfbio_content (contentid, headid, columnid, rowid, cellcontent)VALUES('43','1','1','15','43');
INSERT INTO gfbio_content (contentid, headid, columnid, rowid, cellcontent)VALUES('44','1','2','15','');
INSERT INTO gfbio_content (contentid, headid, columnid, rowid, cellcontent)VALUES('45','1','3','15','Berlin');
INSERT INTO gfbio_content (contentid, headid, columnid, rowid, cellcontent)VALUES('46','1','1','16','46');
INSERT INTO gfbio_content (contentid, headid, columnid, rowid, cellcontent)VALUES('47','1','2','16','');
INSERT INTO gfbio_content (contentid, headid, columnid, rowid, cellcontent)VALUES('48','1','3','16','Biological environmental collections');
INSERT INTO gfbio_content (contentid, headid, columnid, rowid, cellcontent)VALUES('49','1','1','17','49');
INSERT INTO gfbio_content (contentid, headid, columnid, rowid, cellcontent)VALUES('50','1','2','17','');
INSERT INTO gfbio_content (contentid, headid, columnid, rowid, cellcontent)VALUES('51','1','3','17','Biological measurement data');
INSERT INTO gfbio_content (contentid, headid, columnid, rowid, cellcontent)VALUES('52','1','1','18','52');
INSERT INTO gfbio_content (contentid, headid, columnid, rowid, cellcontent)VALUES('53','1','2','18','');
INSERT INTO gfbio_content (contentid, headid, columnid, rowid, cellcontent)VALUES('54','1','3','18','Botanical collections');
INSERT INTO gfbio_content (contentid, headid, columnid, rowid, cellcontent)VALUES('55','1','1','19','55');
INSERT INTO gfbio_content (contentid, headid, columnid, rowid, cellcontent)VALUES('56','1','2','19','');
INSERT INTO gfbio_content (contentid, headid, columnid, rowid, cellcontent)VALUES('57','1','3','19','Brandenburg');
INSERT INTO gfbio_content (contentid, headid, columnid, rowid, cellcontent)VALUES('58','1','1','20','58');
INSERT INTO gfbio_content (contentid, headid, columnid, rowid, cellcontent)VALUES('59','1','2','20','');
INSERT INTO gfbio_content (contentid, headid, columnid, rowid, cellcontent)VALUES('60','1','3','20','Bryophyta');
INSERT INTO gfbio_content (contentid, headid, columnid, rowid, cellcontent)VALUES('61','1','1','21','61');
INSERT INTO gfbio_content (contentid, headid, columnid, rowid, cellcontent)VALUES('62','1','2','21','');
INSERT INTO gfbio_content (contentid, headid, columnid, rowid, cellcontent)VALUES('63','1','3','21','Caryophylales');
INSERT INTO gfbio_content (contentid, headid, columnid, rowid, cellcontent)VALUES('64','1','1','22','64');
INSERT INTO gfbio_content (contentid, headid, columnid, rowid, cellcontent)VALUES('65','1','2','22','');
INSERT INTO gfbio_content (contentid, headid, columnid, rowid, cellcontent)VALUES('66','1','3','22','Caucasus Region');
INSERT INTO gfbio_content (contentid, headid, columnid, rowid, cellcontent)VALUES('67','1','1','23','67');
INSERT INTO gfbio_content (contentid, headid, columnid, rowid, cellcontent)VALUES('68','1','2','23','');
INSERT INTO gfbio_content (contentid, headid, columnid, rowid, cellcontent)VALUES('69','1','3','23','Central Asia');
INSERT INTO gfbio_content (contentid, headid, columnid, rowid, cellcontent)VALUES('70','1','1','24','70');
INSERT INTO gfbio_content (contentid, headid, columnid, rowid, cellcontent)VALUES('71','1','2','24','');
INSERT INTO gfbio_content (contentid, headid, columnid, rowid, cellcontent)VALUES('72','1','3','24','Chelicerata');
INSERT INTO gfbio_content (contentid, headid, columnid, rowid, cellcontent)VALUES('73','1','1','25','73');
INSERT INTO gfbio_content (contentid, headid, columnid, rowid, cellcontent)VALUES('74','1','2','25','');
INSERT INTO gfbio_content (contentid, headid, columnid, rowid, cellcontent)VALUES('75','1','3','25','Collection data');
INSERT INTO gfbio_content (contentid, headid, columnid, rowid, cellcontent)VALUES('76','1','1','26','76');
INSERT INTO gfbio_content (contentid, headid, columnid, rowid, cellcontent)VALUES('77','1','2','26','');
INSERT INTO gfbio_content (contentid, headid, columnid, rowid, cellcontent)VALUES('78','1','3','26','Content based');
INSERT INTO gfbio_content (contentid, headid, columnid, rowid, cellcontent)VALUES('79','1','1','27','79');
INSERT INTO gfbio_content (contentid, headid, columnid, rowid, cellcontent)VALUES('80','1','2','27','');
INSERT INTO gfbio_content (contentid, headid, columnid, rowid, cellcontent)VALUES('81','1','3','27','Crustacea');
INSERT INTO gfbio_content (contentid, headid, columnid, rowid, cellcontent)VALUES('82','1','1','28','82');
INSERT INTO gfbio_content (contentid, headid, columnid, rowid, cellcontent)VALUES('83','1','2','28','');
INSERT INTO gfbio_content (contentid, headid, columnid, rowid, cellcontent)VALUES('84','1','3','28','Cuba and the Carribbean');
INSERT INTO gfbio_content (contentid, headid, columnid, rowid, cellcontent)VALUES('85','1','1','29','85');
INSERT INTO gfbio_content (contentid, headid, columnid, rowid, cellcontent)VALUES('86','1','2','29','');
INSERT INTO gfbio_content (contentid, headid, columnid, rowid, cellcontent)VALUES('87','1','3','29','Data producer notification on data publication');
INSERT INTO gfbio_content (contentid, headid, columnid, rowid, cellcontent)VALUES('88','1','1','30','88');
INSERT INTO gfbio_content (contentid, headid, columnid, rowid, cellcontent)VALUES('89','1','2','30','');
INSERT INTO gfbio_content (contentid, headid, columnid, rowid, cellcontent)VALUES('90','1','3','30','Deep sea fauna');
INSERT INTO gfbio_content (contentid, headid, columnid, rowid, cellcontent)VALUES('91','1','1','31','91');
INSERT INTO gfbio_content (contentid, headid, columnid, rowid, cellcontent)VALUES('92','1','2','31','');
INSERT INTO gfbio_content (contentid, headid, columnid, rowid, cellcontent)VALUES('93','1','3','31','Destruents');
INSERT INTO gfbio_content (contentid, headid, columnid, rowid, cellcontent)VALUES('94','1','1','32','94');
INSERT INTO gfbio_content (contentid, headid, columnid, rowid, cellcontent)VALUES('95','1','2','32','');
INSERT INTO gfbio_content (contentid, headid, columnid, rowid, cellcontent)VALUES('96','1','3','32','Diatoms');
INSERT INTO gfbio_content (contentid, headid, columnid, rowid, cellcontent)VALUES('97','1','1','33','97');
INSERT INTO gfbio_content (contentid, headid, columnid, rowid, cellcontent)VALUES('98','1','2','33','');
INSERT INTO gfbio_content (contentid, headid, columnid, rowid, cellcontent)VALUES('99','1','3','33','DNA-samples');
INSERT INTO gfbio_content (contentid, headid, columnid, rowid, cellcontent)VALUES('103','1','1','35','103');
INSERT INTO gfbio_content (contentid, headid, columnid, rowid, cellcontent)VALUES('104','1','2','35','');
INSERT INTO gfbio_content (contentid, headid, columnid, rowid, cellcontent)VALUES('105','1','3','35','Embargo period');
INSERT INTO gfbio_content (contentid, headid, columnid, rowid, cellcontent)VALUES('106','1','1','36','106');
INSERT INTO gfbio_content (contentid, headid, columnid, rowid, cellcontent)VALUES('107','1','2','36','');
INSERT INTO gfbio_content (contentid, headid, columnid, rowid, cellcontent)VALUES('108','1','3','36','Embargo until paper publication');
INSERT INTO gfbio_content (contentid, headid, columnid, rowid, cellcontent)VALUES('109','1','1','37','109');
INSERT INTO gfbio_content (contentid, headid, columnid, rowid, cellcontent)VALUES('110','1','2','37','');
INSERT INTO gfbio_content (contentid, headid, columnid, rowid, cellcontent)VALUES('111','1','3','37','Embryology');
INSERT INTO gfbio_content (contentid, headid, columnid, rowid, cellcontent)VALUES('112','1','1','38','112');
INSERT INTO gfbio_content (contentid, headid, columnid, rowid, cellcontent)VALUES('113','1','2','38','');
INSERT INTO gfbio_content (contentid, headid, columnid, rowid, cellcontent)VALUES('114','1','3','38','Environmental data');
INSERT INTO gfbio_content (contentid, headid, columnid, rowid, cellcontent)VALUES('118','1','1','40','118');
INSERT INTO gfbio_content (contentid, headid, columnid, rowid, cellcontent)VALUES('119','1','2','40','');
INSERT INTO gfbio_content (contentid, headid, columnid, rowid, cellcontent)VALUES('120','1','3','40','Europe');
INSERT INTO gfbio_content (contentid, headid, columnid, rowid, cellcontent)VALUES('121','1','1','41','121');
INSERT INTO gfbio_content (contentid, headid, columnid, rowid, cellcontent)VALUES('122','1','2','41','');
INSERT INTO gfbio_content (contentid, headid, columnid, rowid, cellcontent)VALUES('123','1','3','41','European Alps');
INSERT INTO gfbio_content (contentid, headid, columnid, rowid, cellcontent)VALUES('124','1','1','42','124');
INSERT INTO gfbio_content (contentid, headid, columnid, rowid, cellcontent)VALUES('125','1','2','42','');
INSERT INTO gfbio_content (contentid, headid, columnid, rowid, cellcontent)VALUES('126','1','3','42','Extreme regions worldwide (alpine, arid)');
INSERT INTO gfbio_content (contentid, headid, columnid, rowid, cellcontent)VALUES('127','1','1','43','127');
INSERT INTO gfbio_content (contentid, headid, columnid, rowid, cellcontent)VALUES('128','1','2','43','');
INSERT INTO gfbio_content (contentid, headid, columnid, rowid, cellcontent)VALUES('129','1','3','43','File type based');
INSERT INTO gfbio_content (contentid, headid, columnid, rowid, cellcontent)VALUES('130','1','1','44','130');
INSERT INTO gfbio_content (contentid, headid, columnid, rowid, cellcontent)VALUES('131','1','2','44','');
INSERT INTO gfbio_content (contentid, headid, columnid, rowid, cellcontent)VALUES('132','1','3','44','For publication only');
INSERT INTO gfbio_content (contentid, headid, columnid, rowid, cellcontent)VALUES('133','1','1','45','133');
INSERT INTO gfbio_content (contentid, headid, columnid, rowid, cellcontent)VALUES('134','1','2','45','');
INSERT INTO gfbio_content (contentid, headid, columnid, rowid, cellcontent)VALUES('135','1','3','45','Hemimetabola');
INSERT INTO gfbio_content (contentid, headid, columnid, rowid, cellcontent)VALUES('136','1','1','46','136');
INSERT INTO gfbio_content (contentid, headid, columnid, rowid, cellcontent)VALUES('137','1','2','46','');
INSERT INTO gfbio_content (contentid, headid, columnid, rowid, cellcontent)VALUES('138','1','3','46','Hesse');
INSERT INTO gfbio_content (contentid, headid, columnid, rowid, cellcontent)VALUES('139','1','1','47','139');
INSERT INTO gfbio_content (contentid, headid, columnid, rowid, cellcontent)VALUES('140','1','2','47','');
INSERT INTO gfbio_content (contentid, headid, columnid, rowid, cellcontent)VALUES('141','1','3','47','Indo-pacific');
INSERT INTO gfbio_content (contentid, headid, columnid, rowid, cellcontent)VALUES('142','1','1','48','142');
INSERT INTO gfbio_content (contentid, headid, columnid, rowid, cellcontent)VALUES('143','1','2','48','');
INSERT INTO gfbio_content (contentid, headid, columnid, rowid, cellcontent)VALUES('144','1','3','48','Insecta');
INSERT INTO gfbio_content (contentid, headid, columnid, rowid, cellcontent)VALUES('145','1','1','49','145');
INSERT INTO gfbio_content (contentid, headid, columnid, rowid, cellcontent)VALUES('146','1','2','49','');
INSERT INTO gfbio_content (contentid, headid, columnid, rowid, cellcontent)VALUES('147','1','3','49','Invertebrate fossils');
INSERT INTO gfbio_content (contentid, headid, columnid, rowid, cellcontent)VALUES('148','1','1','50','148');
INSERT INTO gfbio_content (contentid, headid, columnid, rowid, cellcontent)VALUES('149','1','2','50','');
INSERT INTO gfbio_content (contentid, headid, columnid, rowid, cellcontent)VALUES('150','1','3','50','Invertebrates');
INSERT INTO gfbio_content (contentid, headid, columnid, rowid, cellcontent)VALUES('151','1','1','51','151');
INSERT INTO gfbio_content (contentid, headid, columnid, rowid, cellcontent)VALUES('152','1','2','51','');
INSERT INTO gfbio_content (contentid, headid, columnid, rowid, cellcontent)VALUES('153','1','3','51','Japan');
INSERT INTO gfbio_content (contentid, headid, columnid, rowid, cellcontent)VALUES('154','1','1','52','154');
INSERT INTO gfbio_content (contentid, headid, columnid, rowid, cellcontent)VALUES('155','1','2','52','');
INSERT INTO gfbio_content (contentid, headid, columnid, rowid, cellcontent)VALUES('156','1','3','52','Lichen');
INSERT INTO gfbio_content (contentid, headid, columnid, rowid, cellcontent)VALUES('157','1','1','53','157');
INSERT INTO gfbio_content (contentid, headid, columnid, rowid, cellcontent)VALUES('158','1','2','53','');
INSERT INTO gfbio_content (contentid, headid, columnid, rowid, cellcontent)VALUES('159','1','3','53','Light microscopical slides');
INSERT INTO gfbio_content (contentid, headid, columnid, rowid, cellcontent)VALUES('160','1','1','54','160');
INSERT INTO gfbio_content (contentid, headid, columnid, rowid, cellcontent)VALUES('161','1','2','54','');
INSERT INTO gfbio_content (contentid, headid, columnid, rowid, cellcontent)VALUES('162','1','3','54','Limnological fauna');
INSERT INTO gfbio_content (contentid, headid, columnid, rowid, cellcontent)VALUES('163','1','1','55','163');
INSERT INTO gfbio_content (contentid, headid, columnid, rowid, cellcontent)VALUES('164','1','2','55','');
INSERT INTO gfbio_content (contentid, headid, columnid, rowid, cellcontent)VALUES('165','1','3','55','Littoral fauna');
INSERT INTO gfbio_content (contentid, headid, columnid, rowid, cellcontent)VALUES('166','1','1','56','166');
INSERT INTO gfbio_content (contentid, headid, columnid, rowid, cellcontent)VALUES('167','1','2','56','');
INSERT INTO gfbio_content (contentid, headid, columnid, rowid, cellcontent)VALUES('168','1','3','56','Macrofungi');
INSERT INTO gfbio_content (contentid, headid, columnid, rowid, cellcontent)VALUES('169','1','1','57','169');
INSERT INTO gfbio_content (contentid, headid, columnid, rowid, cellcontent)VALUES('170','1','2','57','');
INSERT INTO gfbio_content (contentid, headid, columnid, rowid, cellcontent)VALUES('171','1','3','57','Mammalia');
INSERT INTO gfbio_content (contentid, headid, columnid, rowid, cellcontent)VALUES('172','1','1','58','172');
INSERT INTO gfbio_content (contentid, headid, columnid, rowid, cellcontent)VALUES('173','1','2','58','');
INSERT INTO gfbio_content (contentid, headid, columnid, rowid, cellcontent)VALUES('174','1','3','58','Marine circumpolar fauna');
INSERT INTO gfbio_content (contentid, headid, columnid, rowid, cellcontent)VALUES('175','1','1','59','175');
INSERT INTO gfbio_content (contentid, headid, columnid, rowid, cellcontent)VALUES('176','1','2','59','');
INSERT INTO gfbio_content (contentid, headid, columnid, rowid, cellcontent)VALUES('177','1','3','59','Marine micro fauna');
INSERT INTO gfbio_content (contentid, headid, columnid, rowid, cellcontent)VALUES('178','1','1','60','178');
INSERT INTO gfbio_content (contentid, headid, columnid, rowid, cellcontent)VALUES('179','1','2','60','');
INSERT INTO gfbio_content (contentid, headid, columnid, rowid, cellcontent)VALUES('180','1','3','60','Mediterranean fauna');
INSERT INTO gfbio_content (contentid, headid, columnid, rowid, cellcontent)VALUES('181','1','1','61','181');
INSERT INTO gfbio_content (contentid, headid, columnid, rowid, cellcontent)VALUES('182','1','2','61','');
INSERT INTO gfbio_content (contentid, headid, columnid, rowid, cellcontent)VALUES('183','1','3','61','Mediterranean flora');
INSERT INTO gfbio_content (contentid, headid, columnid, rowid, cellcontent)VALUES('184','1','1','62','184');
INSERT INTO gfbio_content (contentid, headid, columnid, rowid, cellcontent)VALUES('185','1','2','62','');
INSERT INTO gfbio_content (contentid, headid, columnid, rowid, cellcontent)VALUES('186','1','3','62','Metazoa');
INSERT INTO gfbio_content (contentid, headid, columnid, rowid, cellcontent)VALUES('187','1','1','63','187');
INSERT INTO gfbio_content (contentid, headid, columnid, rowid, cellcontent)VALUES('188','1','2','63','');
INSERT INTO gfbio_content (contentid, headid, columnid, rowid, cellcontent)VALUES('189','1','3','63','Microfossils');
INSERT INTO gfbio_content (contentid, headid, columnid, rowid, cellcontent)VALUES('190','1','1','64','190');
INSERT INTO gfbio_content (contentid, headid, columnid, rowid, cellcontent)VALUES('191','1','2','64','');
INSERT INTO gfbio_content (contentid, headid, columnid, rowid, cellcontent)VALUES('192','1','3','64','Microfungi');
INSERT INTO gfbio_content (contentid, headid, columnid, rowid, cellcontent)VALUES('193','1','1','65','193');
INSERT INTO gfbio_content (contentid, headid, columnid, rowid, cellcontent)VALUES('194','1','2','65','');
INSERT INTO gfbio_content (contentid, headid, columnid, rowid, cellcontent)VALUES('195','1','3','65','Molecular data');
INSERT INTO gfbio_content (contentid, headid, columnid, rowid, cellcontent)VALUES('196','1','1','66','196');
INSERT INTO gfbio_content (contentid, headid, columnid, rowid, cellcontent)VALUES('197','1','2','66','');
INSERT INTO gfbio_content (contentid, headid, columnid, rowid, cellcontent)VALUES('198','1','3','66','Mollusca');
INSERT INTO gfbio_content (contentid, headid, columnid, rowid, cellcontent)VALUES('199','1','1','67','199');
INSERT INTO gfbio_content (contentid, headid, columnid, rowid, cellcontent)VALUES('200','1','2','67','');
INSERT INTO gfbio_content (contentid, headid, columnid, rowid, cellcontent)VALUES('201','1','3','67','Morphological and structural descriptions');
INSERT INTO gfbio_content (contentid, headid, columnid, rowid, cellcontent)VALUES('202','1','1','68','202');
INSERT INTO gfbio_content (contentid, headid, columnid, rowid, cellcontent)VALUES('203','1','2','68','');
INSERT INTO gfbio_content (contentid, headid, columnid, rowid, cellcontent)VALUES('204','1','3','68','Mycological collections');
INSERT INTO gfbio_content (contentid, headid, columnid, rowid, cellcontent)VALUES('205','1','1','69','205');
INSERT INTO gfbio_content (contentid, headid, columnid, rowid, cellcontent)VALUES('206','1','2','69','');
INSERT INTO gfbio_content (contentid, headid, columnid, rowid, cellcontent)VALUES('207','1','3','69','Myriapoda');
INSERT INTO gfbio_content (contentid, headid, columnid, rowid, cellcontent)VALUES('208','1','1','70','208');
INSERT INTO gfbio_content (contentid, headid, columnid, rowid, cellcontent)VALUES('209','1','2','70','');
INSERT INTO gfbio_content (contentid, headid, columnid, rowid, cellcontent)VALUES('210','1','3','70','North sea');
INSERT INTO gfbio_content (contentid, headid, columnid, rowid, cellcontent)VALUES('211','1','1','71','211');
INSERT INTO gfbio_content (contentid, headid, columnid, rowid, cellcontent)VALUES('212','1','2','71','');
INSERT INTO gfbio_content (contentid, headid, columnid, rowid, cellcontent)VALUES('213','1','3','71','Occurrence and observational data');
INSERT INTO gfbio_content (contentid, headid, columnid, rowid, cellcontent)VALUES('214','1','1','72','214');
INSERT INTO gfbio_content (contentid, headid, columnid, rowid, cellcontent)VALUES('215','1','2','72','');
INSERT INTO gfbio_content (contentid, headid, columnid, rowid, cellcontent)VALUES('216','1','3','72','Organisms');
INSERT INTO gfbio_content (contentid, headid, columnid, rowid, cellcontent)VALUES('217','1','1','73','217');
INSERT INTO gfbio_content (contentid, headid, columnid, rowid, cellcontent)VALUES('218','1','2','73','');
INSERT INTO gfbio_content (contentid, headid, columnid, rowid, cellcontent)VALUES('219','1','3','73','Palaeoanthropology');
INSERT INTO gfbio_content (contentid, headid, columnid, rowid, cellcontent)VALUES('220','1','1','74','220');
INSERT INTO gfbio_content (contentid, headid, columnid, rowid, cellcontent)VALUES('221','1','2','74','');
INSERT INTO gfbio_content (contentid, headid, columnid, rowid, cellcontent)VALUES('222','1','3','74','Paleontological collections');
INSERT INTO gfbio_content (contentid, headid, columnid, rowid, cellcontent)VALUES('223','1','1','75','223');
INSERT INTO gfbio_content (contentid, headid, columnid, rowid, cellcontent)VALUES('224','1','2','75','');
INSERT INTO gfbio_content (contentid, headid, columnid, rowid, cellcontent)VALUES('225','1','3','75','Parasitic fungi');
INSERT INTO gfbio_content (contentid, headid, columnid, rowid, cellcontent)VALUES('226','1','1','76','226');
INSERT INTO gfbio_content (contentid, headid, columnid, rowid, cellcontent)VALUES('227','1','2','76','');
INSERT INTO gfbio_content (contentid, headid, columnid, rowid, cellcontent)VALUES('228','1','3','76','Parasitic organisms');
INSERT INTO gfbio_content (contentid, headid, columnid, rowid, cellcontent)VALUES('229','1','1','77','229');
INSERT INTO gfbio_content (contentid, headid, columnid, rowid, cellcontent)VALUES('230','1','2','77','');
INSERT INTO gfbio_content (contentid, headid, columnid, rowid, cellcontent)VALUES('231','1','3','77','Plant fossils');
INSERT INTO gfbio_content (contentid, headid, columnid, rowid, cellcontent)VALUES('232','1','1','78','232');
INSERT INTO gfbio_content (contentid, headid, columnid, rowid, cellcontent)VALUES('233','1','2','78','Fishes');
INSERT INTO gfbio_content (contentid, headid, columnid, rowid, cellcontent)VALUES('234','1','3','78','Pisces');
INSERT INTO gfbio_content (contentid, headid, columnid, rowid, cellcontent)VALUES('235','1','1','79','235');
INSERT INTO gfbio_content (contentid, headid, columnid, rowid, cellcontent)VALUES('236','1','2','79','');
INSERT INTO gfbio_content (contentid, headid, columnid, rowid, cellcontent)VALUES('237','1','3','79','Protozoa');
INSERT INTO gfbio_content (contentid, headid, columnid, rowid, cellcontent)VALUES('238','1','1','80','238');
INSERT INTO gfbio_content (contentid, headid, columnid, rowid, cellcontent)VALUES('239','1','2','80','');
INSERT INTO gfbio_content (contentid, headid, columnid, rowid, cellcontent)VALUES('240','1','3','80','Red sea');
INSERT INTO gfbio_content (contentid, headid, columnid, rowid, cellcontent)VALUES('241','1','1','81','241');
INSERT INTO gfbio_content (contentid, headid, columnid, rowid, cellcontent)VALUES('242','1','2','81','');
INSERT INTO gfbio_content (contentid, headid, columnid, rowid, cellcontent)VALUES('243','1','3','81','Registered GFBio users');
INSERT INTO gfbio_content (contentid, headid, columnid, rowid, cellcontent)VALUES('244','1','1','82','244');
INSERT INTO gfbio_content (contentid, headid, columnid, rowid, cellcontent)VALUES('245','1','2','82','');
INSERT INTO gfbio_content (contentid, headid, columnid, rowid, cellcontent)VALUES('246','1','3','82','Reptilia');
INSERT INTO gfbio_content (contentid, headid, columnid, rowid, cellcontent)VALUES('247','1','1','83','247');
INSERT INTO gfbio_content (contentid, headid, columnid, rowid, cellcontent)VALUES('248','1','2','83','');
INSERT INTO gfbio_content (contentid, headid, columnid, rowid, cellcontent)VALUES('249','1','3','83','Rhineland/North Rhine-Westphalia');
INSERT INTO gfbio_content (contentid, headid, columnid, rowid, cellcontent)VALUES('250','1','1','84','250');
INSERT INTO gfbio_content (contentid, headid, columnid, rowid, cellcontent)VALUES('251','1','2','84','');
INSERT INTO gfbio_content (contentid, headid, columnid, rowid, cellcontent)VALUES('252','1','3','84','Single users');
INSERT INTO gfbio_content (contentid, headid, columnid, rowid, cellcontent)VALUES('253','1','1','85','253');
INSERT INTO gfbio_content (contentid, headid, columnid, rowid, cellcontent)VALUES('254','1','2','85','');
INSERT INTO gfbio_content (contentid, headid, columnid, rowid, cellcontent)VALUES('255','1','3','85','Soil organisms');
INSERT INTO gfbio_content (contentid, headid, columnid, rowid, cellcontent)VALUES('256','1','1','86','256');
INSERT INTO gfbio_content (contentid, headid, columnid, rowid, cellcontent)VALUES('257','1','2','86','');
INSERT INTO gfbio_content (contentid, headid, columnid, rowid, cellcontent)VALUES('258','1','3','86','South and Central America');
INSERT INTO gfbio_content (contentid, headid, columnid, rowid, cellcontent)VALUES('259','1','1','87','259');
INSERT INTO gfbio_content (contentid, headid, columnid, rowid, cellcontent)VALUES('260','1','2','87','');
INSERT INTO gfbio_content (contentid, headid, columnid, rowid, cellcontent)VALUES('261','1','3','87','South Asia');
INSERT INTO gfbio_content (contentid, headid, columnid, rowid, cellcontent)VALUES('262','1','1','88','262');
INSERT INTO gfbio_content (contentid, headid, columnid, rowid, cellcontent)VALUES('263','1','2','88','');
INSERT INTO gfbio_content (contentid, headid, columnid, rowid, cellcontent)VALUES('264','1','3','88','Southeast Asia');
INSERT INTO gfbio_content (contentid, headid, columnid, rowid, cellcontent)VALUES('265','1','1','89','265');
INSERT INTO gfbio_content (contentid, headid, columnid, rowid, cellcontent)VALUES('266','1','2','89','');
INSERT INTO gfbio_content (contentid, headid, columnid, rowid, cellcontent)VALUES('267','1','3','89','Survey data');
INSERT INTO gfbio_content (contentid, headid, columnid, rowid, cellcontent)VALUES('268','1','1','90','268');
INSERT INTO gfbio_content (contentid, headid, columnid, rowid, cellcontent)VALUES('269','1','2','90','');
INSERT INTO gfbio_content (contentid, headid, columnid, rowid, cellcontent)VALUES('270','1','3','90','Terrestrial fauna');
INSERT INTO gfbio_content (contentid, headid, columnid, rowid, cellcontent)VALUES('271','1','1','91','271');
INSERT INTO gfbio_content (contentid, headid, columnid, rowid, cellcontent)VALUES('272','1','2','91','');
INSERT INTO gfbio_content (contentid, headid, columnid, rowid, cellcontent)VALUES('273','1','3','91','Tissue collection');
INSERT INTO gfbio_content (contentid, headid, columnid, rowid, cellcontent)VALUES('274','1','1','92','274');
INSERT INTO gfbio_content (contentid, headid, columnid, rowid, cellcontent)VALUES('275','1','2','92','');
INSERT INTO gfbio_content (contentid, headid, columnid, rowid, cellcontent)VALUES('276','1','3','92','Trait data');
INSERT INTO gfbio_content (contentid, headid, columnid, rowid, cellcontent)VALUES('277','1','1','93','277');
INSERT INTO gfbio_content (contentid, headid, columnid, rowid, cellcontent)VALUES('278','1','2','93','');
INSERT INTO gfbio_content (contentid, headid, columnid, rowid, cellcontent)VALUES('279','1','3','93','Tropical rainforest');
INSERT INTO gfbio_content (contentid, headid, columnid, rowid, cellcontent)VALUES('280','1','1','94','280');
INSERT INTO gfbio_content (contentid, headid, columnid, rowid, cellcontent)VALUES('281','1','2','94','');
INSERT INTO gfbio_content (contentid, headid, columnid, rowid, cellcontent)VALUES('282','1','3','94','Vascular plants');
INSERT INTO gfbio_content (contentid, headid, columnid, rowid, cellcontent)VALUES('283','1','1','95','283');
INSERT INTO gfbio_content (contentid, headid, columnid, rowid, cellcontent)VALUES('284','1','2','95','');
INSERT INTO gfbio_content (contentid, headid, columnid, rowid, cellcontent)VALUES('285','1','3','95','Vermes');
INSERT INTO gfbio_content (contentid, headid, columnid, rowid, cellcontent)VALUES('286','1','1','96','286');
INSERT INTO gfbio_content (contentid, headid, columnid, rowid, cellcontent)VALUES('287','1','2','96','');
INSERT INTO gfbio_content (contentid, headid, columnid, rowid, cellcontent)VALUES('288','1','3','96','Vertebrate fossils');
INSERT INTO gfbio_content (contentid, headid, columnid, rowid, cellcontent)VALUES('289','1','1','97','289');
INSERT INTO gfbio_content (contentid, headid, columnid, rowid, cellcontent)VALUES('290','1','2','97','');
INSERT INTO gfbio_content (contentid, headid, columnid, rowid, cellcontent)VALUES('291','1','3','97','Viruses and Phages');
INSERT INTO gfbio_content (contentid, headid, columnid, rowid, cellcontent)VALUES('292','1','1','98','292');
INSERT INTO gfbio_content (contentid, headid, columnid, rowid, cellcontent)VALUES('293','1','2','98','');
INSERT INTO gfbio_content (contentid, headid, columnid, rowid, cellcontent)VALUES('294','1','3','98','Workgroup members');
INSERT INTO gfbio_content (contentid, headid, columnid, rowid, cellcontent)VALUES('295','1','1','99','295');
INSERT INTO gfbio_content (contentid, headid, columnid, rowid, cellcontent)VALUES('296','1','2','99','');
INSERT INTO gfbio_content (contentid, headid, columnid, rowid, cellcontent)VALUES('297','1','3','99','Zoological collections');
INSERT INTO gfbio_content (contentid, headid, columnid, rowid, cellcontent)VALUES('624','1','1','256','624');
INSERT INTO gfbio_content (contentid, headid, columnid, rowid, cellcontent)VALUES('625','1','2','256','');
INSERT INTO gfbio_content (contentid, headid, columnid, rowid, cellcontent)VALUES('626','1','3','256','Cell cultures');
INSERT INTO gfbio_content (contentid, headid, columnid, rowid, cellcontent)VALUES('695','1','1','291','695');
INSERT INTO gfbio_content (contentid, headid, columnid, rowid, cellcontent)VALUES('696','1','2','291','');
INSERT INTO gfbio_content (contentid, headid, columnid, rowid, cellcontent)VALUES('697','1','3','291','Tissue cultures');
INSERT INTO gfbio_content (contentid, headid, columnid, rowid, cellcontent)VALUES('716','1','1','301','716');
INSERT INTO gfbio_content (contentid, headid, columnid, rowid, cellcontent)VALUES('717','1','2','301','');
INSERT INTO gfbio_content (contentid, headid, columnid, rowid, cellcontent)VALUES('718','1','3','301','Amphibia');
INSERT INTO gfbio_content (contentid, headid, columnid, rowid, cellcontent)VALUES('1087','1','1','486','1087');
INSERT INTO gfbio_content (contentid, headid, columnid, rowid, cellcontent)VALUES('1088','1','2','486','');
INSERT INTO gfbio_content (contentid, headid, columnid, rowid, cellcontent)VALUES('1089','1','3','486','America');
INSERT INTO gfbio_content (contentid, headid, columnid, rowid, cellcontent)VALUES('1242','1','1','563','1242');
INSERT INTO gfbio_content (contentid, headid, columnid, rowid, cellcontent)VALUES('1243','1','2','563','');
INSERT INTO gfbio_content (contentid, headid, columnid, rowid, cellcontent)VALUES('1244','1','3','563','Vertebrata');


--- gfbio_type
INSERT INTO gfbio_content (contentid, headid, columnid, rowid, cellcontent)VALUES('298','5','12','100','298');
INSERT INTO gfbio_content (contentid, headid, columnid, rowid, cellcontent)VALUES('299','5','13','100','accesscontrol');
INSERT INTO gfbio_content (contentid, headid, columnid, rowid, cellcontent)VALUES('300','5','14','100','');
INSERT INTO gfbio_content (contentid, headid, columnid, rowid, cellcontent)VALUES('301','5','12','101','301');
INSERT INTO gfbio_content (contentid, headid, columnid, rowid, cellcontent)VALUES('302','5','13','101','collection taxon');
INSERT INTO gfbio_content (contentid, headid, columnid, rowid, cellcontent)VALUES('303','5','14','101','');
INSERT INTO gfbio_content (contentid, headid, columnid, rowid, cellcontent)VALUES('304','5','12','102','304');
INSERT INTO gfbio_content (contentid, headid, columnid, rowid, cellcontent)VALUES('305','5','13','102','collection type');
INSERT INTO gfbio_content (contentid, headid, columnid, rowid, cellcontent)VALUES('306','5','14','102','');
INSERT INTO gfbio_content (contentid, headid, columnid, rowid, cellcontent)VALUES('307','5','12','103','307');
INSERT INTO gfbio_content (contentid, headid, columnid, rowid, cellcontent)VALUES('308','5','13','103','datadomain');
INSERT INTO gfbio_content (contentid, headid, columnid, rowid, cellcontent)VALUES('309','5','14','103','');
INSERT INTO gfbio_content (contentid, headid, columnid, rowid, cellcontent)VALUES('310','5','12','104','310');
INSERT INTO gfbio_content (contentid, headid, columnid, rowid, cellcontent)VALUES('311','5','13','104','ecological field');
INSERT INTO gfbio_content (contentid, headid, columnid, rowid, cellcontent)VALUES('312','5','14','104','');
INSERT INTO gfbio_content (contentid, headid, columnid, rowid, cellcontent)VALUES('313','5','12','105','313');
INSERT INTO gfbio_content (contentid, headid, columnid, rowid, cellcontent)VALUES('314','5','13','105','geographic region');
INSERT INTO gfbio_content (contentid, headid, columnid, rowid, cellcontent)VALUES('315','5','14','105','');
INSERT INTO gfbio_content (contentid, headid, columnid, rowid, cellcontent)VALUES('316','5','12','106','316');
INSERT INTO gfbio_content (contentid, headid, columnid, rowid, cellcontent)VALUES('317','5','13','106','taxonomic field');
INSERT INTO gfbio_content (contentid, headid, columnid, rowid, cellcontent)VALUES('318','5','14','106','');



--- gfbio_researchfield
INSERT INTO gfbio_content (contentid, headid, columnid, rowid, cellcontent)VALUES('	513	','	2	','	4	','	204	','513');
INSERT INTO gfbio_content (contentid, headid, columnid, rowid, cellcontent)VALUES('	514	','	2	','	5	','	204	','Botany');
INSERT INTO gfbio_content (contentid, headid, columnid, rowid, cellcontent)VALUES('	515	','	2	','	6	','	204	','');
INSERT INTO gfbio_content (contentid, headid, columnid, rowid, cellcontent)VALUES('	516	','	2	','	4	','	205	','516');
INSERT INTO gfbio_content (contentid, headid, columnid, rowid, cellcontent)VALUES('	517	','	2	','	5	','	205	','Climate Research');
INSERT INTO gfbio_content (contentid, headid, columnid, rowid, cellcontent)VALUES('	518	','	2	','	6	','	205	','');
INSERT INTO gfbio_content (contentid, headid, columnid, rowid, cellcontent)VALUES('	519	','	2	','	4	','	206	','519');
INSERT INTO gfbio_content (contentid, headid, columnid, rowid, cellcontent)VALUES('	520	','	2	','	5	','	206	','Geology');
INSERT INTO gfbio_content (contentid, headid, columnid, rowid, cellcontent)VALUES('	521	','	2	','	6	','	206	','');
INSERT INTO gfbio_content (contentid, headid, columnid, rowid, cellcontent)VALUES('	522	','	2	','	4	','	207	','522');
INSERT INTO gfbio_content (contentid, headid, columnid, rowid, cellcontent)VALUES('	523	','	2	','	5	','	207	','Meteorology');
INSERT INTO gfbio_content (contentid, headid, columnid, rowid, cellcontent)VALUES('	524	','	2	','	6	','	207	','');
INSERT INTO gfbio_content (contentid, headid, columnid, rowid, cellcontent)VALUES('	525	','	2	','	4	','	208	','525');
INSERT INTO gfbio_content (contentid, headid, columnid, rowid, cellcontent)VALUES('	526	','	2	','	5	','	208	','Microbiology');
INSERT INTO gfbio_content (contentid, headid, columnid, rowid, cellcontent)VALUES('	527	','	2	','	6	','	208	','');
INSERT INTO gfbio_content (contentid, headid, columnid, rowid, cellcontent)VALUES('	528	','	2	','	4	','	209	','528');
INSERT INTO gfbio_content (contentid, headid, columnid, rowid, cellcontent)VALUES('	529	','	2	','	5	','	209	','Palaeontology');
INSERT INTO gfbio_content (contentid, headid, columnid, rowid, cellcontent)VALUES('	530	','	2	','	6	','	209	','');
INSERT INTO gfbio_content (contentid, headid, columnid, rowid, cellcontent)VALUES('	531	','	2	','	4	','	210	','531');
INSERT INTO gfbio_content (contentid, headid, columnid, rowid, cellcontent)VALUES('	532	','	2	','	5	','	210	','Sedimentology');
INSERT INTO gfbio_content (contentid, headid, columnid, rowid, cellcontent)VALUES('	533	','	2	','	6	','	210	','');



--- persistent_identifier
INSERT INTO gfbio_content (contentid, headid, columnid, rowid, cellcontent)VALUES('	1265	','	3	','	7	','	574	','	1265');
INSERT INTO gfbio_content (contentid, headid, columnid, rowid, cellcontent)VALUES('	1266	','	3	','	8	','	574	','	Accession Number');
INSERT INTO gfbio_content (contentid, headid, columnid, rowid, cellcontent)VALUES('	1267	','	3	','	9	','	574	','	ACCESSION');
INSERT INTO gfbio_content (contentid, headid, columnid, rowid, cellcontent)VALUES('	1268	','	3	','	7	','	575	','	1030');
INSERT INTO gfbio_content (contentid, headid, columnid, rowid, cellcontent)VALUES('	1269	','	3	','	8	','	575	','	Digital Object Identifier');
INSERT INTO gfbio_content (contentid, headid, columnid, rowid, cellcontent)VALUES('	1270	','	3	','	9	','	575	','	DOI');




-----------------
--- relationships
-----------------

--gfbio_category_dataprovider
INSERT INTO gfbio_content (contentid, headid, columnid, rowid, cellcontent)VALUES('	534	','	7	','	17	','	211	','	58	');
INSERT INTO gfbio_content (contentid, headid, columnid, rowid, cellcontent)VALUES('	535	','	7	','	18	','	211	','	1	');
INSERT INTO gfbio_content (contentid, headid, columnid, rowid, cellcontent)VALUES('	536	','	7	','	17	','	212	','	4	');
INSERT INTO gfbio_content (contentid, headid, columnid, rowid, cellcontent)VALUES('	537	','	7	','	18	','	212	','	1	');
INSERT INTO gfbio_content (contentid, headid, columnid, rowid, cellcontent)VALUES('	538	','	7	','	17	','	213	','	154	');
INSERT INTO gfbio_content (contentid, headid, columnid, rowid, cellcontent)VALUES('	539	','	7	','	18	','	213	','	1	');
INSERT INTO gfbio_content (contentid, headid, columnid, rowid, cellcontent)VALUES('	540	','	7	','	17	','	214	','	94	');
INSERT INTO gfbio_content (contentid, headid, columnid, rowid, cellcontent)VALUES('	541	','	7	','	18	','	214	','	1	');
INSERT INTO gfbio_content (contentid, headid, columnid, rowid, cellcontent)VALUES('	542	','	7	','	17	','	215	','	187	');
INSERT INTO gfbio_content (contentid, headid, columnid, rowid, cellcontent)VALUES('	543	','	7	','	18	','	215	','	1	');
INSERT INTO gfbio_content (contentid, headid, columnid, rowid, cellcontent)VALUES('	544	','	7	','	17	','	216	','	190	');
INSERT INTO gfbio_content (contentid, headid, columnid, rowid, cellcontent)VALUES('	545	','	7	','	18	','	216	','	1	');
INSERT INTO gfbio_content (contentid, headid, columnid, rowid, cellcontent)VALUES('	546	','	7	','	17	','	217	','	223	');
INSERT INTO gfbio_content (contentid, headid, columnid, rowid, cellcontent)VALUES('	547	','	7	','	18	','	217	','	1	');
INSERT INTO gfbio_content (contentid, headid, columnid, rowid, cellcontent)VALUES('	548	','	7	','	17	','	218	','	280	');
INSERT INTO gfbio_content (contentid, headid, columnid, rowid, cellcontent)VALUES('	549	','	7	','	18	','	218	','	1	');
INSERT INTO gfbio_content (contentid, headid, columnid, rowid, cellcontent)VALUES('	550	','	7	','	17	','	219	','	28	');
INSERT INTO gfbio_content (contentid, headid, columnid, rowid, cellcontent)VALUES('	551	','	7	','	18	','	219	','	1	');
INSERT INTO gfbio_content (contentid, headid, columnid, rowid, cellcontent)VALUES('	552	','	7	','	17	','	220	','	61	');
INSERT INTO gfbio_content (contentid, headid, columnid, rowid, cellcontent)VALUES('	553	','	7	','	18	','	220	','	1	');
INSERT INTO gfbio_content (contentid, headid, columnid, rowid, cellcontent)VALUES('	554	','	7	','	17	','	221	','	277	');
INSERT INTO gfbio_content (contentid, headid, columnid, rowid, cellcontent)VALUES('	555	','	7	','	18	','	221	','	1	');
INSERT INTO gfbio_content (contentid, headid, columnid, rowid, cellcontent)VALUES('	556	','	7	','	17	','	222	','	181	');
INSERT INTO gfbio_content (contentid, headid, columnid, rowid, cellcontent)VALUES('	557	','	7	','	18	','	222	','	1	');
INSERT INTO gfbio_content (contentid, headid, columnid, rowid, cellcontent)VALUES('	558	','	7	','	17	','	223	','	82	');
INSERT INTO gfbio_content (contentid, headid, columnid, rowid, cellcontent)VALUES('	559	','	7	','	18	','	223	','	1	');
INSERT INTO gfbio_content (contentid, headid, columnid, rowid, cellcontent)VALUES('	560	','	7	','	17	','	224	','	43	');
INSERT INTO gfbio_content (contentid, headid, columnid, rowid, cellcontent)VALUES('	561	','	7	','	18	','	224	','	1	');
INSERT INTO gfbio_content (contentid, headid, columnid, rowid, cellcontent)VALUES('	562	','	7	','	17	','	225	','	55	');
INSERT INTO gfbio_content (contentid, headid, columnid, rowid, cellcontent)VALUES('	563	','	7	','	18	','	225	','	1	');
INSERT INTO gfbio_content (contentid, headid, columnid, rowid, cellcontent)VALUES('	564	','	7	','	17	','	226	','	256	');
INSERT INTO gfbio_content (contentid, headid, columnid, rowid, cellcontent)VALUES('	565	','	7	','	18	','	226	','	1	');
INSERT INTO gfbio_content (contentid, headid, columnid, rowid, cellcontent)VALUES('	566	','	7	','	17	','	227	','	16	');
INSERT INTO gfbio_content (contentid, headid, columnid, rowid, cellcontent)VALUES('	567	','	7	','	18	','	227	','	1	');
INSERT INTO gfbio_content (contentid, headid, columnid, rowid, cellcontent)VALUES('	568	','	7	','	17	','	228	','	64	');
INSERT INTO gfbio_content (contentid, headid, columnid, rowid, cellcontent)VALUES('	569	','	7	','	18	','	228	','	1	');
INSERT INTO gfbio_content (contentid, headid, columnid, rowid, cellcontent)VALUES('	570	','	7	','	17	','	229	','	76	');
INSERT INTO gfbio_content (contentid, headid, columnid, rowid, cellcontent)VALUES('	571	','	7	','	18	','	229	','	1	');
INSERT INTO gfbio_content (contentid, headid, columnid, rowid, cellcontent)VALUES('	572	','	7	','	17	','	230	','	35	');
INSERT INTO gfbio_content (contentid, headid, columnid, rowid, cellcontent)VALUES('	573	','	7	','	18	','	230	','	1	');
INSERT INTO gfbio_content (contentid, headid, columnid, rowid, cellcontent)VALUES('	574	','	7	','	17	','	231	','	241	');
INSERT INTO gfbio_content (contentid, headid, columnid, rowid, cellcontent)VALUES('	575	','	7	','	18	','	231	','	1	');
INSERT INTO gfbio_content (contentid, headid, columnid, rowid, cellcontent)VALUES('	576	','	7	','	17	','	232	','	250	');
INSERT INTO gfbio_content (contentid, headid, columnid, rowid, cellcontent)VALUES('	577	','	7	','	18	','	232	','	1	');
INSERT INTO gfbio_content (contentid, headid, columnid, rowid, cellcontent)VALUES('	578	','	7	','	17	','	233	','	292	');
INSERT INTO gfbio_content (contentid, headid, columnid, rowid, cellcontent)VALUES('	579	','	7	','	18	','	233	','	1	');
INSERT INTO gfbio_content (contentid, headid, columnid, rowid, cellcontent)VALUES('	580	','	7	','	17	','	234	','	85	');
INSERT INTO gfbio_content (contentid, headid, columnid, rowid, cellcontent)VALUES('	581	','	7	','	18	','	234	','	1	');
INSERT INTO gfbio_content (contentid, headid, columnid, rowid, cellcontent)VALUES('	582	','	7	','	17	','	235	','	52	');
INSERT INTO gfbio_content (contentid, headid, columnid, rowid, cellcontent)VALUES('	583	','	7	','	18	','	235	','	1	');
INSERT INTO gfbio_content (contentid, headid, columnid, rowid, cellcontent)VALUES('	584	','	7	','	17	','	236	','	97	');
INSERT INTO gfbio_content (contentid, headid, columnid, rowid, cellcontent)VALUES('	585	','	7	','	18	','	236	','	1	');
INSERT INTO gfbio_content (contentid, headid, columnid, rowid, cellcontent)VALUES('	586	','	7	','	17	','	237	','	214	');
INSERT INTO gfbio_content (contentid, headid, columnid, rowid, cellcontent)VALUES('	587	','	7	','	18	','	237	','	1	');
INSERT INTO gfbio_content (contentid, headid, columnid, rowid, cellcontent)VALUES('	588	','	7	','	17	','	238	','	271	');
INSERT INTO gfbio_content (contentid, headid, columnid, rowid, cellcontent)VALUES('	589	','	7	','	18	','	238	','	1	');
INSERT INTO gfbio_content (contentid, headid, columnid, rowid, cellcontent)VALUES('	590	','	7	','	17	','	239	','	73	');
INSERT INTO gfbio_content (contentid, headid, columnid, rowid, cellcontent)VALUES('	591	','	7	','	18	','	239	','	1	');
INSERT INTO gfbio_content (contentid, headid, columnid, rowid, cellcontent)VALUES('	592	','	7	','	17	','	240	','	193	');
INSERT INTO gfbio_content (contentid, headid, columnid, rowid, cellcontent)VALUES('	593	','	7	','	18	','	240	','	1	');
INSERT INTO gfbio_content (contentid, headid, columnid, rowid, cellcontent)VALUES('	594	','	7	','	17	','	241	','	211	');
INSERT INTO gfbio_content (contentid, headid, columnid, rowid, cellcontent)VALUES('	595	','	7	','	18	','	241	','	1	');
INSERT INTO gfbio_content (contentid, headid, columnid, rowid, cellcontent)VALUES('	596	','	7	','	17	','	242	','	118	');
INSERT INTO gfbio_content (contentid, headid, columnid, rowid, cellcontent)VALUES('	597	','	7	','	18	','	242	','	1	');
INSERT INTO gfbio_content (contentid, headid, columnid, rowid, cellcontent)VALUES('	598	','	7	','	17	','	243	','	127	');
INSERT INTO gfbio_content (contentid, headid, columnid, rowid, cellcontent)VALUES('	599	','	7	','	18	','	243	','	1	');
INSERT INTO gfbio_content (contentid, headid, columnid, rowid, cellcontent)VALUES('	600	','	7	','	17	','	244	','	1	');
INSERT INTO gfbio_content (contentid, headid, columnid, rowid, cellcontent)VALUES('	601	','	7	','	18	','	244	','	2	');
INSERT INTO gfbio_content (contentid, headid, columnid, rowid, cellcontent)VALUES('	602	','	7	','	17	','	245	','	10	');
INSERT INTO gfbio_content (contentid, headid, columnid, rowid, cellcontent)VALUES('	603	','	7	','	18	','	245	','	2	');
INSERT INTO gfbio_content (contentid, headid, columnid, rowid, cellcontent)VALUES('	604	','	7	','	17	','	246	','	13	');
INSERT INTO gfbio_content (contentid, headid, columnid, rowid, cellcontent)VALUES('	605	','	7	','	18	','	246	','	2	');
INSERT INTO gfbio_content (contentid, headid, columnid, rowid, cellcontent)VALUES('	606	','	7	','	17	','	247	','	16	');
INSERT INTO gfbio_content (contentid, headid, columnid, rowid, cellcontent)VALUES('	607	','	7	','	18	','	247	','	2	');
INSERT INTO gfbio_content (contentid, headid, columnid, rowid, cellcontent)VALUES('	608	','	7	','	17	','	248	','	25	');
INSERT INTO gfbio_content (contentid, headid, columnid, rowid, cellcontent)VALUES('	609	','	7	','	18	','	248	','	2	');
INSERT INTO gfbio_content (contentid, headid, columnid, rowid, cellcontent)VALUES('	610	','	7	','	17	','	249	','	34	');
INSERT INTO gfbio_content (contentid, headid, columnid, rowid, cellcontent)VALUES('	611	','	7	','	18	','	249	','	2	');
INSERT INTO gfbio_content (contentid, headid, columnid, rowid, cellcontent)VALUES('	612	','	7	','	17	','	250	','	37	');
INSERT INTO gfbio_content (contentid, headid, columnid, rowid, cellcontent)VALUES('	613	','	7	','	18	','	250	','	2	');
INSERT INTO gfbio_content (contentid, headid, columnid, rowid, cellcontent)VALUES('	614	','	7	','	17	','	251	','	40	');
INSERT INTO gfbio_content (contentid, headid, columnid, rowid, cellcontent)VALUES('	615	','	7	','	18	','	251	','	2	');
INSERT INTO gfbio_content (contentid, headid, columnid, rowid, cellcontent)VALUES('	616	','	7	','	17	','	252	','	43	');
INSERT INTO gfbio_content (contentid, headid, columnid, rowid, cellcontent)VALUES('	617	','	7	','	18	','	252	','	2	');
INSERT INTO gfbio_content (contentid, headid, columnid, rowid, cellcontent)VALUES('	618	','	7	','	17	','	253	','	52	');
INSERT INTO gfbio_content (contentid, headid, columnid, rowid, cellcontent)VALUES('	619	','	7	','	18	','	253	','	2	');
INSERT INTO gfbio_content (contentid, headid, columnid, rowid, cellcontent)VALUES('	620	','	7	','	17	','	254	','	55	');
INSERT INTO gfbio_content (contentid, headid, columnid, rowid, cellcontent)VALUES('	621	','	7	','	18	','	254	','	2	');
INSERT INTO gfbio_content (contentid, headid, columnid, rowid, cellcontent)VALUES('	622	','	7	','	17	','	255	','	64	');
INSERT INTO gfbio_content (contentid, headid, columnid, rowid, cellcontent)VALUES('	623	','	7	','	18	','	255	','	2	');
INSERT INTO gfbio_content (contentid, headid, columnid, rowid, cellcontent)VALUES('	629	','	7	','	17	','	258	','	624	');
INSERT INTO gfbio_content (contentid, headid, columnid, rowid, cellcontent)VALUES('	630	','	7	','	18	','	258	','	2	');
INSERT INTO gfbio_content (contentid, headid, columnid, rowid, cellcontent)VALUES('	631	','	7	','	17	','	259	','	67	');
INSERT INTO gfbio_content (contentid, headid, columnid, rowid, cellcontent)VALUES('	632	','	7	','	18	','	259	','	2	');
INSERT INTO gfbio_content (contentid, headid, columnid, rowid, cellcontent)VALUES('	633	','	7	','	17	','	260	','	73	');
INSERT INTO gfbio_content (contentid, headid, columnid, rowid, cellcontent)VALUES('	634	','	7	','	18	','	260	','	2	');
INSERT INTO gfbio_content (contentid, headid, columnid, rowid, cellcontent)VALUES('	635	','	7	','	17	','	261	','	76	');
INSERT INTO gfbio_content (contentid, headid, columnid, rowid, cellcontent)VALUES('	636	','	7	','	18	','	261	','	2	');
INSERT INTO gfbio_content (contentid, headid, columnid, rowid, cellcontent)VALUES('	637	','	7	','	17	','	262	','	82	');
INSERT INTO gfbio_content (contentid, headid, columnid, rowid, cellcontent)VALUES('	638	','	7	','	18	','	262	','	2	');
INSERT INTO gfbio_content (contentid, headid, columnid, rowid, cellcontent)VALUES('	639	','	7	','	17	','	263	','	85	');
INSERT INTO gfbio_content (contentid, headid, columnid, rowid, cellcontent)VALUES('	640	','	7	','	18	','	263	','	2	');
INSERT INTO gfbio_content (contentid, headid, columnid, rowid, cellcontent)VALUES('	641	','	7	','	17	','	264	','	91	');
INSERT INTO gfbio_content (contentid, headid, columnid, rowid, cellcontent)VALUES('	642	','	7	','	18	','	264	','	2	');
INSERT INTO gfbio_content (contentid, headid, columnid, rowid, cellcontent)VALUES('	643	','	7	','	17	','	265	','	97	');
INSERT INTO gfbio_content (contentid, headid, columnid, rowid, cellcontent)VALUES('	644	','	7	','	18	','	265	','	2	');
INSERT INTO gfbio_content (contentid, headid, columnid, rowid, cellcontent)VALUES('	645	','	7	','	17	','	266	','	118	');
INSERT INTO gfbio_content (contentid, headid, columnid, rowid, cellcontent)VALUES('	646	','	7	','	18	','	266	','	2	');
INSERT INTO gfbio_content (contentid, headid, columnid, rowid, cellcontent)VALUES('	647	','	7	','	17	','	267	','	121	');
INSERT INTO gfbio_content (contentid, headid, columnid, rowid, cellcontent)VALUES('	648	','	7	','	18	','	267	','	2	');
INSERT INTO gfbio_content (contentid, headid, columnid, rowid, cellcontent)VALUES('	649	','	7	','	17	','	268	','	124	');
INSERT INTO gfbio_content (contentid, headid, columnid, rowid, cellcontent)VALUES('	650	','	7	','	18	','	268	','	2	');
INSERT INTO gfbio_content (contentid, headid, columnid, rowid, cellcontent)VALUES('	651	','	7	','	17	','	269	','	127	');
INSERT INTO gfbio_content (contentid, headid, columnid, rowid, cellcontent)VALUES('	652	','	7	','	18	','	269	','	2	');
INSERT INTO gfbio_content (contentid, headid, columnid, rowid, cellcontent)VALUES('	653	','	7	','	17	','	270	','	130	');
INSERT INTO gfbio_content (contentid, headid, columnid, rowid, cellcontent)VALUES('	654	','	7	','	18	','	270	','	2	');
INSERT INTO gfbio_content (contentid, headid, columnid, rowid, cellcontent)VALUES('	655	','	7	','	17	','	271	','	136	');
INSERT INTO gfbio_content (contentid, headid, columnid, rowid, cellcontent)VALUES('	656	','	7	','	18	','	271	','	2	');
INSERT INTO gfbio_content (contentid, headid, columnid, rowid, cellcontent)VALUES('	657	','	7	','	17	','	272	','	139	');
INSERT INTO gfbio_content (contentid, headid, columnid, rowid, cellcontent)VALUES('	658	','	7	','	18	','	272	','	2	');
INSERT INTO gfbio_content (contentid, headid, columnid, rowid, cellcontent)VALUES('	659	','	7	','	17	','	273	','	151	');
INSERT INTO gfbio_content (contentid, headid, columnid, rowid, cellcontent)VALUES('	660	','	7	','	18	','	273	','	2	');
INSERT INTO gfbio_content (contentid, headid, columnid, rowid, cellcontent)VALUES('	661	','	7	','	17	','	274	','	166	');
INSERT INTO gfbio_content (contentid, headid, columnid, rowid, cellcontent)VALUES('	662	','	7	','	18	','	274	','	2	');
INSERT INTO gfbio_content (contentid, headid, columnid, rowid, cellcontent)VALUES('	663	','	7	','	17	','	275	','	184	');
INSERT INTO gfbio_content (contentid, headid, columnid, rowid, cellcontent)VALUES('	664	','	7	','	18	','	275	','	2	');
INSERT INTO gfbio_content (contentid, headid, columnid, rowid, cellcontent)VALUES('	665	','	7	','	17	','	276	','	190	');
INSERT INTO gfbio_content (contentid, headid, columnid, rowid, cellcontent)VALUES('	666	','	7	','	18	','	276	','	2	');
INSERT INTO gfbio_content (contentid, headid, columnid, rowid, cellcontent)VALUES('	667	','	7	','	17	','	277	','	199	');
INSERT INTO gfbio_content (contentid, headid, columnid, rowid, cellcontent)VALUES('	668	','	7	','	18	','	277	','	2	');
INSERT INTO gfbio_content (contentid, headid, columnid, rowid, cellcontent)VALUES('	669	','	7	','	17	','	278	','	202	');
INSERT INTO gfbio_content (contentid, headid, columnid, rowid, cellcontent)VALUES('	670	','	7	','	18	','	278	','	2	');
INSERT INTO gfbio_content (contentid, headid, columnid, rowid, cellcontent)VALUES('	671	','	7	','	17	','	279	','	208	');
INSERT INTO gfbio_content (contentid, headid, columnid, rowid, cellcontent)VALUES('	672	','	7	','	18	','	279	','	2	');
INSERT INTO gfbio_content (contentid, headid, columnid, rowid, cellcontent)VALUES('	673	','	7	','	17	','	280	','	211	');
INSERT INTO gfbio_content (contentid, headid, columnid, rowid, cellcontent)VALUES('	674	','	7	','	18	','	280	','	2	');
INSERT INTO gfbio_content (contentid, headid, columnid, rowid, cellcontent)VALUES('	675	','	7	','	17	','	281	','	223	');
INSERT INTO gfbio_content (contentid, headid, columnid, rowid, cellcontent)VALUES('	676	','	7	','	18	','	281	','	2	');
INSERT INTO gfbio_content (contentid, headid, columnid, rowid, cellcontent)VALUES('	677	','	7	','	17	','	282	','	226	');
INSERT INTO gfbio_content (contentid, headid, columnid, rowid, cellcontent)VALUES('	678	','	7	','	18	','	282	','	2	');
INSERT INTO gfbio_content (contentid, headid, columnid, rowid, cellcontent)VALUES('	679	','	7	','	17	','	283	','	235	');
INSERT INTO gfbio_content (contentid, headid, columnid, rowid, cellcontent)VALUES('	680	','	7	','	18	','	283	','	2	');
INSERT INTO gfbio_content (contentid, headid, columnid, rowid, cellcontent)VALUES('	681	','	7	','	17	','	284	','	247	');
INSERT INTO gfbio_content (contentid, headid, columnid, rowid, cellcontent)VALUES('	682	','	7	','	18	','	284	','	2	');
INSERT INTO gfbio_content (contentid, headid, columnid, rowid, cellcontent)VALUES('	683	','	7	','	17	','	285	','	250	');
INSERT INTO gfbio_content (contentid, headid, columnid, rowid, cellcontent)VALUES('	684	','	7	','	18	','	285	','	2	');
INSERT INTO gfbio_content (contentid, headid, columnid, rowid, cellcontent)VALUES('	685	','	7	','	17	','	286	','	253	');
INSERT INTO gfbio_content (contentid, headid, columnid, rowid, cellcontent)VALUES('	686	','	7	','	18	','	286	','	2	');
INSERT INTO gfbio_content (contentid, headid, columnid, rowid, cellcontent)VALUES('	687	','	7	','	17	','	287	','	256	');
INSERT INTO gfbio_content (contentid, headid, columnid, rowid, cellcontent)VALUES('	688	','	7	','	18	','	287	','	2	');
INSERT INTO gfbio_content (contentid, headid, columnid, rowid, cellcontent)VALUES('	689	','	7	','	17	','	288	','	259	');
INSERT INTO gfbio_content (contentid, headid, columnid, rowid, cellcontent)VALUES('	690	','	7	','	18	','	288	','	2	');
INSERT INTO gfbio_content (contentid, headid, columnid, rowid, cellcontent)VALUES('	691	','	7	','	17	','	289	','	265	');
INSERT INTO gfbio_content (contentid, headid, columnid, rowid, cellcontent)VALUES('	692	','	7	','	18	','	289	','	2	');
INSERT INTO gfbio_content (contentid, headid, columnid, rowid, cellcontent)VALUES('	693	','	7	','	17	','	290	','	271	');
INSERT INTO gfbio_content (contentid, headid, columnid, rowid, cellcontent)VALUES('	694	','	7	','	18	','	290	','	2	');
INSERT INTO gfbio_content (contentid, headid, columnid, rowid, cellcontent)VALUES('	700	','	7	','	17	','	293	','	695	');
INSERT INTO gfbio_content (contentid, headid, columnid, rowid, cellcontent)VALUES('	701	','	7	','	18	','	293	','	2	');
INSERT INTO gfbio_content (contentid, headid, columnid, rowid, cellcontent)VALUES('	702	','	7	','	17	','	294	','	274	');
INSERT INTO gfbio_content (contentid, headid, columnid, rowid, cellcontent)VALUES('	703	','	7	','	18	','	294	','	2	');
INSERT INTO gfbio_content (contentid, headid, columnid, rowid, cellcontent)VALUES('	704	','	7	','	17	','	295	','	289	');
INSERT INTO gfbio_content (contentid, headid, columnid, rowid, cellcontent)VALUES('	705	','	7	','	18	','	295	','	2	');
INSERT INTO gfbio_content (contentid, headid, columnid, rowid, cellcontent)VALUES('	706	','	7	','	17	','	296	','	292	');
INSERT INTO gfbio_content (contentid, headid, columnid, rowid, cellcontent)VALUES('	707	','	7	','	18	','	296	','	2	');
INSERT INTO gfbio_content (contentid, headid, columnid, rowid, cellcontent)VALUES('	708	','	7	','	17	','	297	','	196	');
INSERT INTO gfbio_content (contentid, headid, columnid, rowid, cellcontent)VALUES('	709	','	7	','	18	','	297	','	2	');
INSERT INTO gfbio_content (contentid, headid, columnid, rowid, cellcontent)VALUES('	710	','	7	','	17	','	298	','	238	');
INSERT INTO gfbio_content (contentid, headid, columnid, rowid, cellcontent)VALUES('	711	','	7	','	18	','	298	','	2	');
INSERT INTO gfbio_content (contentid, headid, columnid, rowid, cellcontent)VALUES('	712	','	7	','	17	','	299	','	1	');
INSERT INTO gfbio_content (contentid, headid, columnid, rowid, cellcontent)VALUES('	713	','	7	','	18	','	299	','	3	');
INSERT INTO gfbio_content (contentid, headid, columnid, rowid, cellcontent)VALUES('	714	','	7	','	17	','	300	','	7	');
INSERT INTO gfbio_content (contentid, headid, columnid, rowid, cellcontent)VALUES('	715	','	7	','	18	','	300	','	3	');
INSERT INTO gfbio_content (contentid, headid, columnid, rowid, cellcontent)VALUES('	721	','	7	','	17	','	303	','	716	');
INSERT INTO gfbio_content (contentid, headid, columnid, rowid, cellcontent)VALUES('	722	','	7	','	18	','	303	','	3	');
INSERT INTO gfbio_content (contentid, headid, columnid, rowid, cellcontent)VALUES('	723	','	7	','	17	','	304	','	19	');
INSERT INTO gfbio_content (contentid, headid, columnid, rowid, cellcontent)VALUES('	724	','	7	','	18	','	304	','	3	');
INSERT INTO gfbio_content (contentid, headid, columnid, rowid, cellcontent)VALUES('	725	','	7	','	17	','	305	','	25	');
INSERT INTO gfbio_content (contentid, headid, columnid, rowid, cellcontent)VALUES('	726	','	7	','	18	','	305	','	3	');
INSERT INTO gfbio_content (contentid, headid, columnid, rowid, cellcontent)VALUES('	727	','	7	','	17	','	306	','	31	');
INSERT INTO gfbio_content (contentid, headid, columnid, rowid, cellcontent)VALUES('	728	','	7	','	18	','	306	','	3	');
INSERT INTO gfbio_content (contentid, headid, columnid, rowid, cellcontent)VALUES('	729	','	7	','	17	','	307	','	49	');
INSERT INTO gfbio_content (contentid, headid, columnid, rowid, cellcontent)VALUES('	730	','	7	','	18	','	307	','	3	');
INSERT INTO gfbio_content (contentid, headid, columnid, rowid, cellcontent)VALUES('	731	','	7	','	17	','	308	','	52	');
INSERT INTO gfbio_content (contentid, headid, columnid, rowid, cellcontent)VALUES('	732	','	7	','	18	','	308	','	3	');
INSERT INTO gfbio_content (contentid, headid, columnid, rowid, cellcontent)VALUES('	733	','	7	','	17	','	309	','	70	');
INSERT INTO gfbio_content (contentid, headid, columnid, rowid, cellcontent)VALUES('	734	','	7	','	18	','	309	','	3	');
INSERT INTO gfbio_content (contentid, headid, columnid, rowid, cellcontent)VALUES('	735	','	7	','	17	','	310	','	73	');
INSERT INTO gfbio_content (contentid, headid, columnid, rowid, cellcontent)VALUES('	736	','	7	','	18	','	310	','	3	');
INSERT INTO gfbio_content (contentid, headid, columnid, rowid, cellcontent)VALUES('	737	','	7	','	17	','	311	','	76	');
INSERT INTO gfbio_content (contentid, headid, columnid, rowid, cellcontent)VALUES('	738	','	7	','	18	','	311	','	3	');
INSERT INTO gfbio_content (contentid, headid, columnid, rowid, cellcontent)VALUES('	739	','	7	','	17	','	312	','	79	');
INSERT INTO gfbio_content (contentid, headid, columnid, rowid, cellcontent)VALUES('	740	','	7	','	18	','	312	','	3	');
INSERT INTO gfbio_content (contentid, headid, columnid, rowid, cellcontent)VALUES('	741	','	7	','	17	','	313	','	85	');
INSERT INTO gfbio_content (contentid, headid, columnid, rowid, cellcontent)VALUES('	742	','	7	','	18	','	313	','	3	');
INSERT INTO gfbio_content (contentid, headid, columnid, rowid, cellcontent)VALUES('	743	','	7	','	17	','	314	','	88	');
INSERT INTO gfbio_content (contentid, headid, columnid, rowid, cellcontent)VALUES('	744	','	7	','	18	','	314	','	3	');
INSERT INTO gfbio_content (contentid, headid, columnid, rowid, cellcontent)VALUES('	745	','	7	','	17	','	315	','	97	');
INSERT INTO gfbio_content (contentid, headid, columnid, rowid, cellcontent)VALUES('	746	','	7	','	18	','	315	','	3	');
INSERT INTO gfbio_content (contentid, headid, columnid, rowid, cellcontent)VALUES('	747	','	7	','	17	','	316	','	103	');
INSERT INTO gfbio_content (contentid, headid, columnid, rowid, cellcontent)VALUES('	748	','	7	','	18	','	316	','	3	');
INSERT INTO gfbio_content (contentid, headid, columnid, rowid, cellcontent)VALUES('	749	','	7	','	17	','	317	','	109	');
INSERT INTO gfbio_content (contentid, headid, columnid, rowid, cellcontent)VALUES('	750	','	7	','	18	','	317	','	3	');
INSERT INTO gfbio_content (contentid, headid, columnid, rowid, cellcontent)VALUES('	751	','	7	','	17	','	318	','	127	');
INSERT INTO gfbio_content (contentid, headid, columnid, rowid, cellcontent)VALUES('	752	','	7	','	18	','	318	','	3	');
INSERT INTO gfbio_content (contentid, headid, columnid, rowid, cellcontent)VALUES('	753	','	7	','	17	','	319	','	130	');
INSERT INTO gfbio_content (contentid, headid, columnid, rowid, cellcontent)VALUES('	754	','	7	','	18	','	319	','	3	');
INSERT INTO gfbio_content (contentid, headid, columnid, rowid, cellcontent)VALUES('	755	','	7	','	17	','	320	','	133	');
INSERT INTO gfbio_content (contentid, headid, columnid, rowid, cellcontent)VALUES('	756	','	7	','	18	','	320	','	3	');
INSERT INTO gfbio_content (contentid, headid, columnid, rowid, cellcontent)VALUES('	757	','	7	','	17	','	321	','	139	');
INSERT INTO gfbio_content (contentid, headid, columnid, rowid, cellcontent)VALUES('	758	','	7	','	18	','	321	','	3	');
INSERT INTO gfbio_content (contentid, headid, columnid, rowid, cellcontent)VALUES('	759	','	7	','	17	','	322	','	142	');
INSERT INTO gfbio_content (contentid, headid, columnid, rowid, cellcontent)VALUES('	760	','	7	','	18	','	322	','	3	');
INSERT INTO gfbio_content (contentid, headid, columnid, rowid, cellcontent)VALUES('	761	','	7	','	17	','	323	','	145	');
INSERT INTO gfbio_content (contentid, headid, columnid, rowid, cellcontent)VALUES('	762	','	7	','	18	','	323	','	3	');
INSERT INTO gfbio_content (contentid, headid, columnid, rowid, cellcontent)VALUES('	763	','	7	','	17	','	324	','	148	');
INSERT INTO gfbio_content (contentid, headid, columnid, rowid, cellcontent)VALUES('	764	','	7	','	18	','	324	','	3	');
INSERT INTO gfbio_content (contentid, headid, columnid, rowid, cellcontent)VALUES('	765	','	7	','	17	','	325	','	169	');
INSERT INTO gfbio_content (contentid, headid, columnid, rowid, cellcontent)VALUES('	766	','	7	','	18	','	325	','	3	');
INSERT INTO gfbio_content (contentid, headid, columnid, rowid, cellcontent)VALUES('	767	','	7	','	17	','	326	','	172	');
INSERT INTO gfbio_content (contentid, headid, columnid, rowid, cellcontent)VALUES('	768	','	7	','	18	','	326	','	3	');
INSERT INTO gfbio_content (contentid, headid, columnid, rowid, cellcontent)VALUES('	769	','	7	','	17	','	327	','	184	');
INSERT INTO gfbio_content (contentid, headid, columnid, rowid, cellcontent)VALUES('	770	','	7	','	18	','	327	','	3	');
INSERT INTO gfbio_content (contentid, headid, columnid, rowid, cellcontent)VALUES('	771	','	7	','	17	','	328	','	187	');
INSERT INTO gfbio_content (contentid, headid, columnid, rowid, cellcontent)VALUES('	772	','	7	','	18	','	328	','	3	');
INSERT INTO gfbio_content (contentid, headid, columnid, rowid, cellcontent)VALUES('	773	','	7	','	17	','	329	','	193	');
INSERT INTO gfbio_content (contentid, headid, columnid, rowid, cellcontent)VALUES('	774	','	7	','	18	','	329	','	3	');
INSERT INTO gfbio_content (contentid, headid, columnid, rowid, cellcontent)VALUES('	775	','	7	','	17	','	330	','	199	');
INSERT INTO gfbio_content (contentid, headid, columnid, rowid, cellcontent)VALUES('	776	','	7	','	18	','	330	','	3	');
INSERT INTO gfbio_content (contentid, headid, columnid, rowid, cellcontent)VALUES('	777	','	7	','	17	','	331	','	199	');
INSERT INTO gfbio_content (contentid, headid, columnid, rowid, cellcontent)VALUES('	778	','	7	','	18	','	331	','	3	');
INSERT INTO gfbio_content (contentid, headid, columnid, rowid, cellcontent)VALUES('	779	','	7	','	17	','	332	','	205	');
INSERT INTO gfbio_content (contentid, headid, columnid, rowid, cellcontent)VALUES('	780	','	7	','	18	','	332	','	3	');
INSERT INTO gfbio_content (contentid, headid, columnid, rowid, cellcontent)VALUES('	781	','	7	','	17	','	333	','	211	');
INSERT INTO gfbio_content (contentid, headid, columnid, rowid, cellcontent)VALUES('	782	','	7	','	18	','	333	','	3	');
INSERT INTO gfbio_content (contentid, headid, columnid, rowid, cellcontent)VALUES('	783	','	7	','	17	','	334	','	220	');
INSERT INTO gfbio_content (contentid, headid, columnid, rowid, cellcontent)VALUES('	784	','	7	','	18	','	334	','	3	');
INSERT INTO gfbio_content (contentid, headid, columnid, rowid, cellcontent)VALUES('	785	','	7	','	17	','	335	','	226	');
INSERT INTO gfbio_content (contentid, headid, columnid, rowid, cellcontent)VALUES('	786	','	7	','	18	','	335	','	3	');
INSERT INTO gfbio_content (contentid, headid, columnid, rowid, cellcontent)VALUES('	787	','	7	','	17	','	336	','	232	');
INSERT INTO gfbio_content (contentid, headid, columnid, rowid, cellcontent)VALUES('	788	','	7	','	18	','	336	','	3	');
INSERT INTO gfbio_content (contentid, headid, columnid, rowid, cellcontent)VALUES('	789	','	7	','	17	','	337	','	229	');
INSERT INTO gfbio_content (contentid, headid, columnid, rowid, cellcontent)VALUES('	790	','	7	','	18	','	337	','	3	');
INSERT INTO gfbio_content (contentid, headid, columnid, rowid, cellcontent)VALUES('	791	','	7	','	17	','	338	','	244	');
INSERT INTO gfbio_content (contentid, headid, columnid, rowid, cellcontent)VALUES('	792	','	7	','	18	','	338	','	3	');
INSERT INTO gfbio_content (contentid, headid, columnid, rowid, cellcontent)VALUES('	793	','	7	','	17	','	339	','	271	');
INSERT INTO gfbio_content (contentid, headid, columnid, rowid, cellcontent)VALUES('	794	','	7	','	18	','	339	','	3	');
INSERT INTO gfbio_content (contentid, headid, columnid, rowid, cellcontent)VALUES('	795	','	7	','	17	','	340	','	274	');
INSERT INTO gfbio_content (contentid, headid, columnid, rowid, cellcontent)VALUES('	796	','	7	','	18	','	340	','	3	');
INSERT INTO gfbio_content (contentid, headid, columnid, rowid, cellcontent)VALUES('	797	','	7	','	17	','	341	','	280	');
INSERT INTO gfbio_content (contentid, headid, columnid, rowid, cellcontent)VALUES('	798	','	7	','	18	','	341	','	3	');
INSERT INTO gfbio_content (contentid, headid, columnid, rowid, cellcontent)VALUES('	799	','	7	','	17	','	342	','	283	');
INSERT INTO gfbio_content (contentid, headid, columnid, rowid, cellcontent)VALUES('	800	','	7	','	18	','	342	','	3	');
INSERT INTO gfbio_content (contentid, headid, columnid, rowid, cellcontent)VALUES('	801	','	7	','	17	','	343	','	286	');
INSERT INTO gfbio_content (contentid, headid, columnid, rowid, cellcontent)VALUES('	802	','	7	','	18	','	343	','	3	');
INSERT INTO gfbio_content (contentid, headid, columnid, rowid, cellcontent)VALUES('	803	','	7	','	17	','	344	','	295	');
INSERT INTO gfbio_content (contentid, headid, columnid, rowid, cellcontent)VALUES('	804	','	7	','	18	','	344	','	3	');
INSERT INTO gfbio_content (contentid, headid, columnid, rowid, cellcontent)VALUES('	805	','	7	','	17	','	345	','	214	');
INSERT INTO gfbio_content (contentid, headid, columnid, rowid, cellcontent)VALUES('	806	','	7	','	18	','	345	','	3	');
INSERT INTO gfbio_content (contentid, headid, columnid, rowid, cellcontent)VALUES('	807	','	7	','	17	','	346	','	10	');
INSERT INTO gfbio_content (contentid, headid, columnid, rowid, cellcontent)VALUES('	808	','	7	','	18	','	346	','	4	');
INSERT INTO gfbio_content (contentid, headid, columnid, rowid, cellcontent)VALUES('	809	','	7	','	17	','	347	','	22	');
INSERT INTO gfbio_content (contentid, headid, columnid, rowid, cellcontent)VALUES('	810	','	7	','	18	','	347	','	4	');
INSERT INTO gfbio_content (contentid, headid, columnid, rowid, cellcontent)VALUES('	811	','	7	','	17	','	348	','	49	');
INSERT INTO gfbio_content (contentid, headid, columnid, rowid, cellcontent)VALUES('	812	','	7	','	18	','	348	','	4	');
INSERT INTO gfbio_content (contentid, headid, columnid, rowid, cellcontent)VALUES('	813	','	7	','	17	','	349	','	79	');
INSERT INTO gfbio_content (contentid, headid, columnid, rowid, cellcontent)VALUES('	814	','	7	','	18	','	349	','	4	');
INSERT INTO gfbio_content (contentid, headid, columnid, rowid, cellcontent)VALUES('	815	','	7	','	17	','	350	','	85	');
INSERT INTO gfbio_content (contentid, headid, columnid, rowid, cellcontent)VALUES('	816	','	7	','	18	','	350	','	4	');
INSERT INTO gfbio_content (contentid, headid, columnid, rowid, cellcontent)VALUES('	817	','	7	','	17	','	351	','	88	');
INSERT INTO gfbio_content (contentid, headid, columnid, rowid, cellcontent)VALUES('	818	','	7	','	18	','	351	','	4	');
INSERT INTO gfbio_content (contentid, headid, columnid, rowid, cellcontent)VALUES('	819	','	7	','	17	','	352	','	103	');
INSERT INTO gfbio_content (contentid, headid, columnid, rowid, cellcontent)VALUES('	820	','	7	','	18	','	352	','	4	');
INSERT INTO gfbio_content (contentid, headid, columnid, rowid, cellcontent)VALUES('	821	','	7	','	17	','	353	','	106	');
INSERT INTO gfbio_content (contentid, headid, columnid, rowid, cellcontent)VALUES('	822	','	7	','	18	','	353	','	4	');
INSERT INTO gfbio_content (contentid, headid, columnid, rowid, cellcontent)VALUES('	823	','	7	','	17	','	354	','	112	');
INSERT INTO gfbio_content (contentid, headid, columnid, rowid, cellcontent)VALUES('	824	','	7	','	18	','	354	','	4	');
INSERT INTO gfbio_content (contentid, headid, columnid, rowid, cellcontent)VALUES('	825	','	7	','	17	','	355	','	130	');
INSERT INTO gfbio_content (contentid, headid, columnid, rowid, cellcontent)VALUES('	826	','	7	','	18	','	355	','	4	');
INSERT INTO gfbio_content (contentid, headid, columnid, rowid, cellcontent)VALUES('	827	','	7	','	17	','	356	','	148	');
INSERT INTO gfbio_content (contentid, headid, columnid, rowid, cellcontent)VALUES('	828	','	7	','	18	','	356	','	4	');
INSERT INTO gfbio_content (contentid, headid, columnid, rowid, cellcontent)VALUES('	829	','	7	','	17	','	357	','	172	');
INSERT INTO gfbio_content (contentid, headid, columnid, rowid, cellcontent)VALUES('	830	','	7	','	18	','	357	','	4	');
INSERT INTO gfbio_content (contentid, headid, columnid, rowid, cellcontent)VALUES('	831	','	7	','	17	','	358	','	175	');
INSERT INTO gfbio_content (contentid, headid, columnid, rowid, cellcontent)VALUES('	832	','	7	','	18	','	358	','	4	');
INSERT INTO gfbio_content (contentid, headid, columnid, rowid, cellcontent)VALUES('	833	','	7	','	17	','	359	','	184	');
INSERT INTO gfbio_content (contentid, headid, columnid, rowid, cellcontent)VALUES('	834	','	7	','	18	','	359	','	4	');
INSERT INTO gfbio_content (contentid, headid, columnid, rowid, cellcontent)VALUES('	835	','	7	','	17	','	360	','	187	');
INSERT INTO gfbio_content (contentid, headid, columnid, rowid, cellcontent)VALUES('	836	','	7	','	18	','	360	','	4	');
INSERT INTO gfbio_content (contentid, headid, columnid, rowid, cellcontent)VALUES('	837	','	7	','	17	','	361	','	196	');
INSERT INTO gfbio_content (contentid, headid, columnid, rowid, cellcontent)VALUES('	838	','	7	','	18	','	361	','	4	');
INSERT INTO gfbio_content (contentid, headid, columnid, rowid, cellcontent)VALUES('	839	','	7	','	17	','	362	','	208	');
INSERT INTO gfbio_content (contentid, headid, columnid, rowid, cellcontent)VALUES('	840	','	7	','	18	','	362	','	4	');
INSERT INTO gfbio_content (contentid, headid, columnid, rowid, cellcontent)VALUES('	841	','	7	','	17	','	363	','	211	');
INSERT INTO gfbio_content (contentid, headid, columnid, rowid, cellcontent)VALUES('	842	','	7	','	18	','	363	','	4	');
INSERT INTO gfbio_content (contentid, headid, columnid, rowid, cellcontent)VALUES('	843	','	7	','	17	','	364	','	235	');
INSERT INTO gfbio_content (contentid, headid, columnid, rowid, cellcontent)VALUES('	844	','	7	','	18	','	364	','	4	');
INSERT INTO gfbio_content (contentid, headid, columnid, rowid, cellcontent)VALUES('	845	','	7	','	17	','	365	','	274	');
INSERT INTO gfbio_content (contentid, headid, columnid, rowid, cellcontent)VALUES('	846	','	7	','	18	','	365	','	4	');
INSERT INTO gfbio_content (contentid, headid, columnid, rowid, cellcontent)VALUES('	847	','	7	','	17	','	366	','	1	');
INSERT INTO gfbio_content (contentid, headid, columnid, rowid, cellcontent)VALUES('	848	','	7	','	18	','	366	','	5	');
INSERT INTO gfbio_content (contentid, headid, columnid, rowid, cellcontent)VALUES('	849	','	7	','	17	','	367	','	7	');
INSERT INTO gfbio_content (contentid, headid, columnid, rowid, cellcontent)VALUES('	850	','	7	','	18	','	367	','	5	');
INSERT INTO gfbio_content (contentid, headid, columnid, rowid, cellcontent)VALUES('	851	','	7	','	17	','	368	','	716	');
INSERT INTO gfbio_content (contentid, headid, columnid, rowid, cellcontent)VALUES('	852	','	7	','	18	','	368	','	5	');
INSERT INTO gfbio_content (contentid, headid, columnid, rowid, cellcontent)VALUES('	853	','	7	','	17	','	369	','	10	');
INSERT INTO gfbio_content (contentid, headid, columnid, rowid, cellcontent)VALUES('	854	','	7	','	18	','	369	','	5	');
INSERT INTO gfbio_content (contentid, headid, columnid, rowid, cellcontent)VALUES('	855	','	7	','	17	','	370	','	13	');
INSERT INTO gfbio_content (contentid, headid, columnid, rowid, cellcontent)VALUES('	856	','	7	','	18	','	370	','	5	');
INSERT INTO gfbio_content (contentid, headid, columnid, rowid, cellcontent)VALUES('	857	','	7	','	17	','	371	','	16	');
INSERT INTO gfbio_content (contentid, headid, columnid, rowid, cellcontent)VALUES('	858	','	7	','	18	','	371	','	5	');
INSERT INTO gfbio_content (contentid, headid, columnid, rowid, cellcontent)VALUES('	859	','	7	','	17	','	372	','	19	');
INSERT INTO gfbio_content (contentid, headid, columnid, rowid, cellcontent)VALUES('	860	','	7	','	18	','	372	','	5	');
INSERT INTO gfbio_content (contentid, headid, columnid, rowid, cellcontent)VALUES('	861	','	7	','	17	','	373	','	31	');
INSERT INTO gfbio_content (contentid, headid, columnid, rowid, cellcontent)VALUES('	862	','	7	','	18	','	373	','	5	');
INSERT INTO gfbio_content (contentid, headid, columnid, rowid, cellcontent)VALUES('	863	','	7	','	17	','	374	','	46	');
INSERT INTO gfbio_content (contentid, headid, columnid, rowid, cellcontent)VALUES('	864	','	7	','	18	','	374	','	5	');
INSERT INTO gfbio_content (contentid, headid, columnid, rowid, cellcontent)VALUES('	865	','	7	','	17	','	375	','	49	');
INSERT INTO gfbio_content (contentid, headid, columnid, rowid, cellcontent)VALUES('	866	','	7	','	18	','	375	','	5	');
INSERT INTO gfbio_content (contentid, headid, columnid, rowid, cellcontent)VALUES('	867	','	7	','	17	','	376	','	52	');
INSERT INTO gfbio_content (contentid, headid, columnid, rowid, cellcontent)VALUES('	868	','	7	','	18	','	376	','	5	');
INSERT INTO gfbio_content (contentid, headid, columnid, rowid, cellcontent)VALUES('	869	','	7	','	17	','	377	','	67	');
INSERT INTO gfbio_content (contentid, headid, columnid, rowid, cellcontent)VALUES('	870	','	7	','	18	','	377	','	5	');
INSERT INTO gfbio_content (contentid, headid, columnid, rowid, cellcontent)VALUES('	871	','	7	','	17	','	378	','	73	');
INSERT INTO gfbio_content (contentid, headid, columnid, rowid, cellcontent)VALUES('	872	','	7	','	18	','	378	','	5	');
INSERT INTO gfbio_content (contentid, headid, columnid, rowid, cellcontent)VALUES('	873	','	7	','	17	','	379	','	76	');
INSERT INTO gfbio_content (contentid, headid, columnid, rowid, cellcontent)VALUES('	874	','	7	','	18	','	379	','	5	');
INSERT INTO gfbio_content (contentid, headid, columnid, rowid, cellcontent)VALUES('	875	','	7	','	17	','	380	','	79	');
INSERT INTO gfbio_content (contentid, headid, columnid, rowid, cellcontent)VALUES('	876	','	7	','	18	','	380	','	5	');
INSERT INTO gfbio_content (contentid, headid, columnid, rowid, cellcontent)VALUES('	877	','	7	','	17	','	381	','	85	');
INSERT INTO gfbio_content (contentid, headid, columnid, rowid, cellcontent)VALUES('	878	','	7	','	18	','	381	','	5	');
INSERT INTO gfbio_content (contentid, headid, columnid, rowid, cellcontent)VALUES('	879	','	7	','	17	','	382	','	88	');
INSERT INTO gfbio_content (contentid, headid, columnid, rowid, cellcontent)VALUES('	880	','	7	','	18	','	382	','	5	');
INSERT INTO gfbio_content (contentid, headid, columnid, rowid, cellcontent)VALUES('	881	','	7	','	17	','	383	','	91	');
INSERT INTO gfbio_content (contentid, headid, columnid, rowid, cellcontent)VALUES('	882	','	7	','	18	','	383	','	5	');
INSERT INTO gfbio_content (contentid, headid, columnid, rowid, cellcontent)VALUES('	883	','	7	','	17	','	384	','	97	');
INSERT INTO gfbio_content (contentid, headid, columnid, rowid, cellcontent)VALUES('	884	','	7	','	18	','	384	','	5	');
INSERT INTO gfbio_content (contentid, headid, columnid, rowid, cellcontent)VALUES('	885	','	7	','	17	','	385	','	103	');
INSERT INTO gfbio_content (contentid, headid, columnid, rowid, cellcontent)VALUES('	886	','	7	','	18	','	385	','	5	');
INSERT INTO gfbio_content (contentid, headid, columnid, rowid, cellcontent)VALUES('	887	','	7	','	17	','	386	','	118	');
INSERT INTO gfbio_content (contentid, headid, columnid, rowid, cellcontent)VALUES('	888	','	7	','	18	','	386	','	5	');
INSERT INTO gfbio_content (contentid, headid, columnid, rowid, cellcontent)VALUES('	889	','	7	','	17	','	387	','	121	');
INSERT INTO gfbio_content (contentid, headid, columnid, rowid, cellcontent)VALUES('	890	','	7	','	18	','	387	','	5	');
INSERT INTO gfbio_content (contentid, headid, columnid, rowid, cellcontent)VALUES('	891	','	7	','	17	','	388	','	136	');
INSERT INTO gfbio_content (contentid, headid, columnid, rowid, cellcontent)VALUES('	892	','	7	','	18	','	388	','	5	');
INSERT INTO gfbio_content (contentid, headid, columnid, rowid, cellcontent)VALUES('	893	','	7	','	17	','	389	','	139	');
INSERT INTO gfbio_content (contentid, headid, columnid, rowid, cellcontent)VALUES('	894	','	7	','	18	','	389	','	5	');
INSERT INTO gfbio_content (contentid, headid, columnid, rowid, cellcontent)VALUES('	895	','	7	','	17	','	390	','	142	');
INSERT INTO gfbio_content (contentid, headid, columnid, rowid, cellcontent)VALUES('	896	','	7	','	18	','	390	','	5	');
INSERT INTO gfbio_content (contentid, headid, columnid, rowid, cellcontent)VALUES('	897	','	7	','	17	','	391	','	148	');
INSERT INTO gfbio_content (contentid, headid, columnid, rowid, cellcontent)VALUES('	898	','	7	','	18	','	391	','	5	');
INSERT INTO gfbio_content (contentid, headid, columnid, rowid, cellcontent)VALUES('	899	','	7	','	17	','	392	','	151	');
INSERT INTO gfbio_content (contentid, headid, columnid, rowid, cellcontent)VALUES('	900	','	7	','	18	','	392	','	5	');
INSERT INTO gfbio_content (contentid, headid, columnid, rowid, cellcontent)VALUES('	901	','	7	','	17	','	393	','	154	');
INSERT INTO gfbio_content (contentid, headid, columnid, rowid, cellcontent)VALUES('	902	','	7	','	18	','	393	','	5	');
INSERT INTO gfbio_content (contentid, headid, columnid, rowid, cellcontent)VALUES('	903	','	7	','	17	','	394	','	160	');
INSERT INTO gfbio_content (contentid, headid, columnid, rowid, cellcontent)VALUES('	904	','	7	','	18	','	394	','	5	');
INSERT INTO gfbio_content (contentid, headid, columnid, rowid, cellcontent)VALUES('	905	','	7	','	17	','	395	','	163	');
INSERT INTO gfbio_content (contentid, headid, columnid, rowid, cellcontent)VALUES('	906	','	7	','	18	','	395	','	5	');
INSERT INTO gfbio_content (contentid, headid, columnid, rowid, cellcontent)VALUES('	907	','	7	','	17	','	396	','	166	');
INSERT INTO gfbio_content (contentid, headid, columnid, rowid, cellcontent)VALUES('	908	','	7	','	18	','	396	','	5	');
INSERT INTO gfbio_content (contentid, headid, columnid, rowid, cellcontent)VALUES('	909	','	7	','	17	','	397	','	169	');
INSERT INTO gfbio_content (contentid, headid, columnid, rowid, cellcontent)VALUES('	910	','	7	','	18	','	397	','	5	');
INSERT INTO gfbio_content (contentid, headid, columnid, rowid, cellcontent)VALUES('	911	','	7	','	17	','	398	','	172	');
INSERT INTO gfbio_content (contentid, headid, columnid, rowid, cellcontent)VALUES('	912	','	7	','	18	','	398	','	5	');
INSERT INTO gfbio_content (contentid, headid, columnid, rowid, cellcontent)VALUES('	913	','	7	','	17	','	399	','	175	');
INSERT INTO gfbio_content (contentid, headid, columnid, rowid, cellcontent)VALUES('	914	','	7	','	18	','	399	','	5	');
INSERT INTO gfbio_content (contentid, headid, columnid, rowid, cellcontent)VALUES('	915	','	7	','	17	','	400	','	178	');
INSERT INTO gfbio_content (contentid, headid, columnid, rowid, cellcontent)VALUES('	916	','	7	','	18	','	400	','	5	');
INSERT INTO gfbio_content (contentid, headid, columnid, rowid, cellcontent)VALUES('	917	','	7	','	17	','	401	','	190	');
INSERT INTO gfbio_content (contentid, headid, columnid, rowid, cellcontent)VALUES('	918	','	7	','	18	','	401	','	5	');
INSERT INTO gfbio_content (contentid, headid, columnid, rowid, cellcontent)VALUES('	919	','	7	','	17	','	402	','	193	');
INSERT INTO gfbio_content (contentid, headid, columnid, rowid, cellcontent)VALUES('	920	','	7	','	18	','	402	','	5	');
INSERT INTO gfbio_content (contentid, headid, columnid, rowid, cellcontent)VALUES('	921	','	7	','	17	','	403	','	196	');
INSERT INTO gfbio_content (contentid, headid, columnid, rowid, cellcontent)VALUES('	922	','	7	','	18	','	403	','	5	');
INSERT INTO gfbio_content (contentid, headid, columnid, rowid, cellcontent)VALUES('	923	','	7	','	17	','	404	','	199	');
INSERT INTO gfbio_content (contentid, headid, columnid, rowid, cellcontent)VALUES('	924	','	7	','	18	','	404	','	5	');
INSERT INTO gfbio_content (contentid, headid, columnid, rowid, cellcontent)VALUES('	925	','	7	','	17	','	405	','	202	');
INSERT INTO gfbio_content (contentid, headid, columnid, rowid, cellcontent)VALUES('	926	','	7	','	18	','	405	','	5	');
INSERT INTO gfbio_content (contentid, headid, columnid, rowid, cellcontent)VALUES('	927	','	7	','	17	','	406	','	208	');
INSERT INTO gfbio_content (contentid, headid, columnid, rowid, cellcontent)VALUES('	928	','	7	','	18	','	406	','	5	');
INSERT INTO gfbio_content (contentid, headid, columnid, rowid, cellcontent)VALUES('	929	','	7	','	17	','	407	','	211	');
INSERT INTO gfbio_content (contentid, headid, columnid, rowid, cellcontent)VALUES('	930	','	7	','	18	','	407	','	5	');
INSERT INTO gfbio_content (contentid, headid, columnid, rowid, cellcontent)VALUES('	931	','	7	','	17	','	408	','	214	');
INSERT INTO gfbio_content (contentid, headid, columnid, rowid, cellcontent)VALUES('	932	','	7	','	18	','	408	','	5	');
INSERT INTO gfbio_content (contentid, headid, columnid, rowid, cellcontent)VALUES('	933	','	7	','	17	','	409	','	217	');
INSERT INTO gfbio_content (contentid, headid, columnid, rowid, cellcontent)VALUES('	934	','	7	','	18	','	409	','	5	');
INSERT INTO gfbio_content (contentid, headid, columnid, rowid, cellcontent)VALUES('	935	','	7	','	17	','	410	','	220	');
INSERT INTO gfbio_content (contentid, headid, columnid, rowid, cellcontent)VALUES('	936	','	7	','	18	','	410	','	5	');
INSERT INTO gfbio_content (contentid, headid, columnid, rowid, cellcontent)VALUES('	937	','	7	','	17	','	411	','	223	');
INSERT INTO gfbio_content (contentid, headid, columnid, rowid, cellcontent)VALUES('	938	','	7	','	18	','	411	','	5	');
INSERT INTO gfbio_content (contentid, headid, columnid, rowid, cellcontent)VALUES('	939	','	7	','	17	','	412	','	226	');
INSERT INTO gfbio_content (contentid, headid, columnid, rowid, cellcontent)VALUES('	940	','	7	','	18	','	412	','	5	');
INSERT INTO gfbio_content (contentid, headid, columnid, rowid, cellcontent)VALUES('	941	','	7	','	17	','	413	','	232	');
INSERT INTO gfbio_content (contentid, headid, columnid, rowid, cellcontent)VALUES('	942	','	7	','	18	','	413	','	5	');
INSERT INTO gfbio_content (contentid, headid, columnid, rowid, cellcontent)VALUES('	943	','	7	','	17	','	414	','	244	');
INSERT INTO gfbio_content (contentid, headid, columnid, rowid, cellcontent)VALUES('	944	','	7	','	18	','	414	','	5	');
INSERT INTO gfbio_content (contentid, headid, columnid, rowid, cellcontent)VALUES('	945	','	7	','	17	','	415	','	253	');
INSERT INTO gfbio_content (contentid, headid, columnid, rowid, cellcontent)VALUES('	946	','	7	','	18	','	415	','	5	');
INSERT INTO gfbio_content (contentid, headid, columnid, rowid, cellcontent)VALUES('	947	','	7	','	17	','	416	','	256	');
INSERT INTO gfbio_content (contentid, headid, columnid, rowid, cellcontent)VALUES('	948	','	7	','	18	','	416	','	5	');
INSERT INTO gfbio_content (contentid, headid, columnid, rowid, cellcontent)VALUES('	949	','	7	','	17	','	417	','	259	');
INSERT INTO gfbio_content (contentid, headid, columnid, rowid, cellcontent)VALUES('	950	','	7	','	18	','	417	','	5	');
INSERT INTO gfbio_content (contentid, headid, columnid, rowid, cellcontent)VALUES('	951	','	7	','	17	','	418	','	265	');
INSERT INTO gfbio_content (contentid, headid, columnid, rowid, cellcontent)VALUES('	952	','	7	','	18	','	418	','	5	');
INSERT INTO gfbio_content (contentid, headid, columnid, rowid, cellcontent)VALUES('	953	','	7	','	17	','	419	','	271	');
INSERT INTO gfbio_content (contentid, headid, columnid, rowid, cellcontent)VALUES('	954	','	7	','	18	','	419	','	5	');
INSERT INTO gfbio_content (contentid, headid, columnid, rowid, cellcontent)VALUES('	955	','	7	','	17	','	420	','	274	');
INSERT INTO gfbio_content (contentid, headid, columnid, rowid, cellcontent)VALUES('	956	','	7	','	18	','	420	','	5	');
INSERT INTO gfbio_content (contentid, headid, columnid, rowid, cellcontent)VALUES('	957	','	7	','	17	','	421	','	280	');
INSERT INTO gfbio_content (contentid, headid, columnid, rowid, cellcontent)VALUES('	958	','	7	','	18	','	421	','	5	');
INSERT INTO gfbio_content (contentid, headid, columnid, rowid, cellcontent)VALUES('	959	','	7	','	17	','	422	','	292	');
INSERT INTO gfbio_content (contentid, headid, columnid, rowid, cellcontent)VALUES('	960	','	7	','	18	','	422	','	5	');
INSERT INTO gfbio_content (contentid, headid, columnid, rowid, cellcontent)VALUES('	961	','	7	','	17	','	423	','	295	');
INSERT INTO gfbio_content (contentid, headid, columnid, rowid, cellcontent)VALUES('	962	','	7	','	18	','	423	','	5	');
INSERT INTO gfbio_content (contentid, headid, columnid, rowid, cellcontent)VALUES('	963	','	7	','	17	','	424	','	127	');
INSERT INTO gfbio_content (contentid, headid, columnid, rowid, cellcontent)VALUES('	964	','	7	','	18	','	424	','	5	');
INSERT INTO gfbio_content (contentid, headid, columnid, rowid, cellcontent)VALUES('	965	','	7	','	17	','	425	','	238	');
INSERT INTO gfbio_content (contentid, headid, columnid, rowid, cellcontent)VALUES('	966	','	7	','	18	','	425	','	5	');
INSERT INTO gfbio_content (contentid, headid, columnid, rowid, cellcontent)VALUES('	967	','	7	','	17	','	426	','	250	');
INSERT INTO gfbio_content (contentid, headid, columnid, rowid, cellcontent)VALUES('	968	','	7	','	18	','	426	','	5	');
INSERT INTO gfbio_content (contentid, headid, columnid, rowid, cellcontent)VALUES('	969	','	7	','	17	','	427	','	1	');
INSERT INTO gfbio_content (contentid, headid, columnid, rowid, cellcontent)VALUES('	970	','	7	','	18	','	427	','	6	');
INSERT INTO gfbio_content (contentid, headid, columnid, rowid, cellcontent)VALUES('	971	','	7	','	17	','	428	','	7	');
INSERT INTO gfbio_content (contentid, headid, columnid, rowid, cellcontent)VALUES('	972	','	7	','	18	','	428	','	6	');
INSERT INTO gfbio_content (contentid, headid, columnid, rowid, cellcontent)VALUES('	973	','	7	','	17	','	429	','	716	');
INSERT INTO gfbio_content (contentid, headid, columnid, rowid, cellcontent)VALUES('	974	','	7	','	18	','	429	','	6	');
INSERT INTO gfbio_content (contentid, headid, columnid, rowid, cellcontent)VALUES('	975	','	7	','	17	','	430	','	16	');
INSERT INTO gfbio_content (contentid, headid, columnid, rowid, cellcontent)VALUES('	976	','	7	','	18	','	430	','	6	');
INSERT INTO gfbio_content (contentid, headid, columnid, rowid, cellcontent)VALUES('	977	','	7	','	17	','	431	','	19	');
INSERT INTO gfbio_content (contentid, headid, columnid, rowid, cellcontent)VALUES('	978	','	7	','	18	','	431	','	6	');
INSERT INTO gfbio_content (contentid, headid, columnid, rowid, cellcontent)VALUES('	979	','	7	','	17	','	432	','	25	');
INSERT INTO gfbio_content (contentid, headid, columnid, rowid, cellcontent)VALUES('	980	','	7	','	18	','	432	','	6	');
INSERT INTO gfbio_content (contentid, headid, columnid, rowid, cellcontent)VALUES('	981	','	7	','	17	','	433	','	28	');
INSERT INTO gfbio_content (contentid, headid, columnid, rowid, cellcontent)VALUES('	982	','	7	','	18	','	433	','	6	');
INSERT INTO gfbio_content (contentid, headid, columnid, rowid, cellcontent)VALUES('	983	','	7	','	17	','	434	','	31	');
INSERT INTO gfbio_content (contentid, headid, columnid, rowid, cellcontent)VALUES('	984	','	7	','	18	','	434	','	6	');
INSERT INTO gfbio_content (contentid, headid, columnid, rowid, cellcontent)VALUES('	985	','	7	','	17	','	435	','	37	');
INSERT INTO gfbio_content (contentid, headid, columnid, rowid, cellcontent)VALUES('	986	','	7	','	18	','	435	','	6	');
INSERT INTO gfbio_content (contentid, headid, columnid, rowid, cellcontent)VALUES('	987	','	7	','	17	','	436	','	46	');
INSERT INTO gfbio_content (contentid, headid, columnid, rowid, cellcontent)VALUES('	988	','	7	','	18	','	436	','	6	');
INSERT INTO gfbio_content (contentid, headid, columnid, rowid, cellcontent)VALUES('	989	','	7	','	17	','	437	','	52	');
INSERT INTO gfbio_content (contentid, headid, columnid, rowid, cellcontent)VALUES('	990	','	7	','	18	','	437	','	6	');
INSERT INTO gfbio_content (contentid, headid, columnid, rowid, cellcontent)VALUES('	991	','	7	','	17	','	438	','	58	');
INSERT INTO gfbio_content (contentid, headid, columnid, rowid, cellcontent)VALUES('	992	','	7	','	18	','	438	','	6	');
INSERT INTO gfbio_content (contentid, headid, columnid, rowid, cellcontent)VALUES('	993	','	7	','	17	','	439	','	61	');
INSERT INTO gfbio_content (contentid, headid, columnid, rowid, cellcontent)VALUES('	994	','	7	','	18	','	439	','	6	');
INSERT INTO gfbio_content (contentid, headid, columnid, rowid, cellcontent)VALUES('	995	','	7	','	17	','	440	','	67	');
INSERT INTO gfbio_content (contentid, headid, columnid, rowid, cellcontent)VALUES('	996	','	7	','	18	','	440	','	6	');
INSERT INTO gfbio_content (contentid, headid, columnid, rowid, cellcontent)VALUES('	997	','	7	','	17	','	441	','	70	');
INSERT INTO gfbio_content (contentid, headid, columnid, rowid, cellcontent)VALUES('	998	','	7	','	18	','	441	','	6	');
INSERT INTO gfbio_content (contentid, headid, columnid, rowid, cellcontent)VALUES('	999	','	7	','	17	','	442	','	73	');
INSERT INTO gfbio_content (contentid, headid, columnid, rowid, cellcontent)VALUES('	1000	','	7	','	18	','	442	','	6	');
INSERT INTO gfbio_content (contentid, headid, columnid, rowid, cellcontent)VALUES('	1001	','	7	','	17	','	443	','	76	');
INSERT INTO gfbio_content (contentid, headid, columnid, rowid, cellcontent)VALUES('	1002	','	7	','	18	','	443	','	6	');
INSERT INTO gfbio_content (contentid, headid, columnid, rowid, cellcontent)VALUES('	1003	','	7	','	17	','	444	','	85	');
INSERT INTO gfbio_content (contentid, headid, columnid, rowid, cellcontent)VALUES('	1004	','	7	','	18	','	444	','	6	');
INSERT INTO gfbio_content (contentid, headid, columnid, rowid, cellcontent)VALUES('	1005	','	7	','	17	','	445	','	91	');
INSERT INTO gfbio_content (contentid, headid, columnid, rowid, cellcontent)VALUES('	1006	','	7	','	18	','	445	','	6	');
INSERT INTO gfbio_content (contentid, headid, columnid, rowid, cellcontent)VALUES('	1007	','	7	','	17	','	446	','	97	');
INSERT INTO gfbio_content (contentid, headid, columnid, rowid, cellcontent)VALUES('	1008	','	7	','	18	','	446	','	6	');
INSERT INTO gfbio_content (contentid, headid, columnid, rowid, cellcontent)VALUES('	1009	','	7	','	17	','	447	','	103	');
INSERT INTO gfbio_content (contentid, headid, columnid, rowid, cellcontent)VALUES('	1010	','	7	','	18	','	447	','	6	');
INSERT INTO gfbio_content (contentid, headid, columnid, rowid, cellcontent)VALUES('	1011	','	7	','	17	','	448	','	118	');
INSERT INTO gfbio_content (contentid, headid, columnid, rowid, cellcontent)VALUES('	1012	','	7	','	18	','	448	','	6	');
INSERT INTO gfbio_content (contentid, headid, columnid, rowid, cellcontent)VALUES('	1013	','	7	','	17	','	449	','	124	');
INSERT INTO gfbio_content (contentid, headid, columnid, rowid, cellcontent)VALUES('	1014	','	7	','	18	','	449	','	6	');
INSERT INTO gfbio_content (contentid, headid, columnid, rowid, cellcontent)VALUES('	1015	','	7	','	17	','	450	','	127	');
INSERT INTO gfbio_content (contentid, headid, columnid, rowid, cellcontent)VALUES('	1016	','	7	','	18	','	450	','	6	');
INSERT INTO gfbio_content (contentid, headid, columnid, rowid, cellcontent)VALUES('	1017	','	7	','	17	','	451	','	133	');
INSERT INTO gfbio_content (contentid, headid, columnid, rowid, cellcontent)VALUES('	1018	','	7	','	18	','	451	','	6	');
INSERT INTO gfbio_content (contentid, headid, columnid, rowid, cellcontent)VALUES('	1019	','	7	','	17	','	452	','	139	');
INSERT INTO gfbio_content (contentid, headid, columnid, rowid, cellcontent)VALUES('	1020	','	7	','	18	','	452	','	6	');
INSERT INTO gfbio_content (contentid, headid, columnid, rowid, cellcontent)VALUES('	1021	','	7	','	17	','	453	','	142	');
INSERT INTO gfbio_content (contentid, headid, columnid, rowid, cellcontent)VALUES('	1022	','	7	','	18	','	453	','	6	');
INSERT INTO gfbio_content (contentid, headid, columnid, rowid, cellcontent)VALUES('	1023	','	7	','	17	','	454	','	145	');
INSERT INTO gfbio_content (contentid, headid, columnid, rowid, cellcontent)VALUES('	1024	','	7	','	18	','	454	','	6	');
INSERT INTO gfbio_content (contentid, headid, columnid, rowid, cellcontent)VALUES('	1025	','	7	','	17	','	455	','	154	');
INSERT INTO gfbio_content (contentid, headid, columnid, rowid, cellcontent)VALUES('	1026	','	7	','	18	','	455	','	6	');
INSERT INTO gfbio_content (contentid, headid, columnid, rowid, cellcontent)VALUES('	1027	','	7	','	17	','	456	','	160	');
INSERT INTO gfbio_content (contentid, headid, columnid, rowid, cellcontent)VALUES('	1028	','	7	','	18	','	456	','	6	');
INSERT INTO gfbio_content (contentid, headid, columnid, rowid, cellcontent)VALUES('	1029	','	7	','	17	','	457	','	166	');
INSERT INTO gfbio_content (contentid, headid, columnid, rowid, cellcontent)VALUES('	1030	','	7	','	18	','	457	','	6	');
INSERT INTO gfbio_content (contentid, headid, columnid, rowid, cellcontent)VALUES('	1031	','	7	','	17	','	458	','	169	');
INSERT INTO gfbio_content (contentid, headid, columnid, rowid, cellcontent)VALUES('	1032	','	7	','	18	','	458	','	6	');
INSERT INTO gfbio_content (contentid, headid, columnid, rowid, cellcontent)VALUES('	1033	','	7	','	17	','	459	','	178	');
INSERT INTO gfbio_content (contentid, headid, columnid, rowid, cellcontent)VALUES('	1034	','	7	','	18	','	459	','	6	');
INSERT INTO gfbio_content (contentid, headid, columnid, rowid, cellcontent)VALUES('	1035	','	7	','	17	','	460	','	181	');
INSERT INTO gfbio_content (contentid, headid, columnid, rowid, cellcontent)VALUES('	1036	','	7	','	18	','	460	','	6	');
INSERT INTO gfbio_content (contentid, headid, columnid, rowid, cellcontent)VALUES('	1037	','	7	','	17	','	461	','	190	');
INSERT INTO gfbio_content (contentid, headid, columnid, rowid, cellcontent)VALUES('	1038	','	7	','	18	','	461	','	6	');
INSERT INTO gfbio_content (contentid, headid, columnid, rowid, cellcontent)VALUES('	1039	','	7	','	17	','	462	','	193	');
INSERT INTO gfbio_content (contentid, headid, columnid, rowid, cellcontent)VALUES('	1040	','	7	','	18	','	462	','	6	');
INSERT INTO gfbio_content (contentid, headid, columnid, rowid, cellcontent)VALUES('	1041	','	7	','	17	','	463	','	196	');
INSERT INTO gfbio_content (contentid, headid, columnid, rowid, cellcontent)VALUES('	1042	','	7	','	18	','	463	','	6	');
INSERT INTO gfbio_content (contentid, headid, columnid, rowid, cellcontent)VALUES('	1043	','	7	','	17	','	464	','	202	');
INSERT INTO gfbio_content (contentid, headid, columnid, rowid, cellcontent)VALUES('	1044	','	7	','	18	','	464	','	6	');
INSERT INTO gfbio_content (contentid, headid, columnid, rowid, cellcontent)VALUES('	1045	','	7	','	17	','	465	','	205	');
INSERT INTO gfbio_content (contentid, headid, columnid, rowid, cellcontent)VALUES('	1046	','	7	','	18	','	465	','	6	');
INSERT INTO gfbio_content (contentid, headid, columnid, rowid, cellcontent)VALUES('	1047	','	7	','	17	','	466	','	211	');
INSERT INTO gfbio_content (contentid, headid, columnid, rowid, cellcontent)VALUES('	1048	','	7	','	18	','	466	','	6	');
INSERT INTO gfbio_content (contentid, headid, columnid, rowid, cellcontent)VALUES('	1049	','	7	','	17	','	467	','	214	');
INSERT INTO gfbio_content (contentid, headid, columnid, rowid, cellcontent)VALUES('	1050	','	7	','	18	','	467	','	6	');
INSERT INTO gfbio_content (contentid, headid, columnid, rowid, cellcontent)VALUES('	1051	','	7	','	17	','	468	','	217	');
INSERT INTO gfbio_content (contentid, headid, columnid, rowid, cellcontent)VALUES('	1052	','	7	','	18	','	468	','	6	');
INSERT INTO gfbio_content (contentid, headid, columnid, rowid, cellcontent)VALUES('	1053	','	7	','	17	','	469	','	220	');
INSERT INTO gfbio_content (contentid, headid, columnid, rowid, cellcontent)VALUES('	1054	','	7	','	18	','	469	','	6	');
INSERT INTO gfbio_content (contentid, headid, columnid, rowid, cellcontent)VALUES('	1055	','	7	','	17	','	470	','	223	');
INSERT INTO gfbio_content (contentid, headid, columnid, rowid, cellcontent)VALUES('	1056	','	7	','	18	','	470	','	6	');
INSERT INTO gfbio_content (contentid, headid, columnid, rowid, cellcontent)VALUES('	1057	','	7	','	17	','	471	','	226	');
INSERT INTO gfbio_content (contentid, headid, columnid, rowid, cellcontent)VALUES('	1058	','	7	','	18	','	471	','	6	');
INSERT INTO gfbio_content (contentid, headid, columnid, rowid, cellcontent)VALUES('	1059	','	7	','	17	','	472	','	232	');
INSERT INTO gfbio_content (contentid, headid, columnid, rowid, cellcontent)VALUES('	1060	','	7	','	18	','	472	','	6	');
INSERT INTO gfbio_content (contentid, headid, columnid, rowid, cellcontent)VALUES('	1061	','	7	','	17	','	473	','	244	');
INSERT INTO gfbio_content (contentid, headid, columnid, rowid, cellcontent)VALUES('	1062	','	7	','	18	','	473	','	6	');
INSERT INTO gfbio_content (contentid, headid, columnid, rowid, cellcontent)VALUES('	1063	','	7	','	17	','	474	','	250	');
INSERT INTO gfbio_content (contentid, headid, columnid, rowid, cellcontent)VALUES('	1064	','	7	','	18	','	474	','	6	');
INSERT INTO gfbio_content (contentid, headid, columnid, rowid, cellcontent)VALUES('	1065	','	7	','	17	','	475	','	253	');
INSERT INTO gfbio_content (contentid, headid, columnid, rowid, cellcontent)VALUES('	1066	','	7	','	18	','	475	','	6	');
INSERT INTO gfbio_content (contentid, headid, columnid, rowid, cellcontent)VALUES('	1067	','	7	','	17	','	476	','	256	');
INSERT INTO gfbio_content (contentid, headid, columnid, rowid, cellcontent)VALUES('	1068	','	7	','	18	','	476	','	6	');
INSERT INTO gfbio_content (contentid, headid, columnid, rowid, cellcontent)VALUES('	1069	','	7	','	17	','	477	','	262	');
INSERT INTO gfbio_content (contentid, headid, columnid, rowid, cellcontent)VALUES('	1070	','	7	','	18	','	477	','	6	');
INSERT INTO gfbio_content (contentid, headid, columnid, rowid, cellcontent)VALUES('	1071	','	7	','	17	','	478	','	268	');
INSERT INTO gfbio_content (contentid, headid, columnid, rowid, cellcontent)VALUES('	1072	','	7	','	18	','	478	','	6	');
INSERT INTO gfbio_content (contentid, headid, columnid, rowid, cellcontent)VALUES('	1073	','	7	','	17	','	479	','	271	');
INSERT INTO gfbio_content (contentid, headid, columnid, rowid, cellcontent)VALUES('	1074	','	7	','	18	','	479	','	6	');
INSERT INTO gfbio_content (contentid, headid, columnid, rowid, cellcontent)VALUES('	1075	','	7	','	17	','	480	','	277	');
INSERT INTO gfbio_content (contentid, headid, columnid, rowid, cellcontent)VALUES('	1076	','	7	','	18	','	480	','	6	');
INSERT INTO gfbio_content (contentid, headid, columnid, rowid, cellcontent)VALUES('	1077	','	7	','	17	','	481	','	280	');
INSERT INTO gfbio_content (contentid, headid, columnid, rowid, cellcontent)VALUES('	1078	','	7	','	18	','	481	','	6	');
INSERT INTO gfbio_content (contentid, headid, columnid, rowid, cellcontent)VALUES('	1079	','	7	','	17	','	482	','	292	');
INSERT INTO gfbio_content (contentid, headid, columnid, rowid, cellcontent)VALUES('	1080	','	7	','	18	','	482	','	6	');
INSERT INTO gfbio_content (contentid, headid, columnid, rowid, cellcontent)VALUES('	1081	','	7	','	17	','	483	','	295	');
INSERT INTO gfbio_content (contentid, headid, columnid, rowid, cellcontent)VALUES('	1082	','	7	','	18	','	483	','	6	');
INSERT INTO gfbio_content (contentid, headid, columnid, rowid, cellcontent)VALUES('	1083	','	7	','	17	','	484	','	1	');
INSERT INTO gfbio_content (contentid, headid, columnid, rowid, cellcontent)VALUES('	1084	','	7	','	18	','	484	','	7	');
INSERT INTO gfbio_content (contentid, headid, columnid, rowid, cellcontent)VALUES('	1085	','	7	','	17	','	485	','	4	');
INSERT INTO gfbio_content (contentid, headid, columnid, rowid, cellcontent)VALUES('	1086	','	7	','	18	','	485	','	7	');
INSERT INTO gfbio_content (contentid, headid, columnid, rowid, cellcontent)VALUES('	1092	','	7	','	17	','	488	','	1087	');
INSERT INTO gfbio_content (contentid, headid, columnid, rowid, cellcontent)VALUES('	1093	','	7	','	18	','	488	','	7	');
INSERT INTO gfbio_content (contentid, headid, columnid, rowid, cellcontent)VALUES('	1094	','	7	','	17	','	489	','	19	');
INSERT INTO gfbio_content (contentid, headid, columnid, rowid, cellcontent)VALUES('	1095	','	7	','	18	','	489	','	7	');
INSERT INTO gfbio_content (contentid, headid, columnid, rowid, cellcontent)VALUES('	1096	','	7	','	17	','	490	','	10	');
INSERT INTO gfbio_content (contentid, headid, columnid, rowid, cellcontent)VALUES('	1097	','	7	','	18	','	490	','	7	');
INSERT INTO gfbio_content (contentid, headid, columnid, rowid, cellcontent)VALUES('	1098	','	7	','	17	','	491	','	25	');
INSERT INTO gfbio_content (contentid, headid, columnid, rowid, cellcontent)VALUES('	1099	','	7	','	18	','	491	','	7	');
INSERT INTO gfbio_content (contentid, headid, columnid, rowid, cellcontent)VALUES('	1100	','	7	','	17	','	492	','	40	');
INSERT INTO gfbio_content (contentid, headid, columnid, rowid, cellcontent)VALUES('	1101	','	7	','	18	','	492	','	7	');
INSERT INTO gfbio_content (contentid, headid, columnid, rowid, cellcontent)VALUES('	1102	','	7	','	17	','	493	','	46	');
INSERT INTO gfbio_content (contentid, headid, columnid, rowid, cellcontent)VALUES('	1103	','	7	','	18	','	493	','	7	');
INSERT INTO gfbio_content (contentid, headid, columnid, rowid, cellcontent)VALUES('	1104	','	7	','	17	','	494	','	49	');
INSERT INTO gfbio_content (contentid, headid, columnid, rowid, cellcontent)VALUES('	1105	','	7	','	18	','	494	','	7	');
INSERT INTO gfbio_content (contentid, headid, columnid, rowid, cellcontent)VALUES('	1106	','	7	','	17	','	495	','	52	');
INSERT INTO gfbio_content (contentid, headid, columnid, rowid, cellcontent)VALUES('	1107	','	7	','	18	','	495	','	7	');
INSERT INTO gfbio_content (contentid, headid, columnid, rowid, cellcontent)VALUES('	1108	','	7	','	17	','	496	','	67	');
INSERT INTO gfbio_content (contentid, headid, columnid, rowid, cellcontent)VALUES('	1109	','	7	','	18	','	496	','	7	');
INSERT INTO gfbio_content (contentid, headid, columnid, rowid, cellcontent)VALUES('	1110	','	7	','	17	','	497	','	70	');
INSERT INTO gfbio_content (contentid, headid, columnid, rowid, cellcontent)VALUES('	1111	','	7	','	18	','	497	','	7	');
INSERT INTO gfbio_content (contentid, headid, columnid, rowid, cellcontent)VALUES('	1112	','	7	','	17	','	498	','	73	');
INSERT INTO gfbio_content (contentid, headid, columnid, rowid, cellcontent)VALUES('	1113	','	7	','	18	','	498	','	7	');
INSERT INTO gfbio_content (contentid, headid, columnid, rowid, cellcontent)VALUES('	1114	','	7	','	17	','	499	','	76	');
INSERT INTO gfbio_content (contentid, headid, columnid, rowid, cellcontent)VALUES('	1115	','	7	','	18	','	499	','	7	');
INSERT INTO gfbio_content (contentid, headid, columnid, rowid, cellcontent)VALUES('	1116	','	7	','	17	','	500	','	85	');
INSERT INTO gfbio_content (contentid, headid, columnid, rowid, cellcontent)VALUES('	1117	','	7	','	18	','	500	','	7	');
INSERT INTO gfbio_content (contentid, headid, columnid, rowid, cellcontent)VALUES('	1118	','	7	','	17	','	501	','	91	');
INSERT INTO gfbio_content (contentid, headid, columnid, rowid, cellcontent)VALUES('	1119	','	7	','	18	','	501	','	7	');
INSERT INTO gfbio_content (contentid, headid, columnid, rowid, cellcontent)VALUES('	1120	','	7	','	17	','	502	','	97	');
INSERT INTO gfbio_content (contentid, headid, columnid, rowid, cellcontent)VALUES('	1121	','	7	','	18	','	502	','	7	');
INSERT INTO gfbio_content (contentid, headid, columnid, rowid, cellcontent)VALUES('	1122	','	7	','	17	','	503	','	106	');
INSERT INTO gfbio_content (contentid, headid, columnid, rowid, cellcontent)VALUES('	1123	','	7	','	18	','	503	','	7	');
INSERT INTO gfbio_content (contentid, headid, columnid, rowid, cellcontent)VALUES('	1124	','	7	','	17	','	504	','	118	');
INSERT INTO gfbio_content (contentid, headid, columnid, rowid, cellcontent)VALUES('	1125	','	7	','	18	','	504	','	7	');
INSERT INTO gfbio_content (contentid, headid, columnid, rowid, cellcontent)VALUES('	1126	','	7	','	17	','	505	','	121	');
INSERT INTO gfbio_content (contentid, headid, columnid, rowid, cellcontent)VALUES('	1127	','	7	','	18	','	505	','	7	');
INSERT INTO gfbio_content (contentid, headid, columnid, rowid, cellcontent)VALUES('	1128	','	7	','	17	','	506	','	124	');
INSERT INTO gfbio_content (contentid, headid, columnid, rowid, cellcontent)VALUES('	1129	','	7	','	18	','	506	','	7	');
INSERT INTO gfbio_content (contentid, headid, columnid, rowid, cellcontent)VALUES('	1130	','	7	','	17	','	507	','	127	');
INSERT INTO gfbio_content (contentid, headid, columnid, rowid, cellcontent)VALUES('	1131	','	7	','	18	','	507	','	7	');
INSERT INTO gfbio_content (contentid, headid, columnid, rowid, cellcontent)VALUES('	1132	','	7	','	17	','	508	','	142	');
INSERT INTO gfbio_content (contentid, headid, columnid, rowid, cellcontent)VALUES('	1133	','	7	','	18	','	508	','	7	');
INSERT INTO gfbio_content (contentid, headid, columnid, rowid, cellcontent)VALUES('	1134	','	7	','	17	','	509	','	154	');
INSERT INTO gfbio_content (contentid, headid, columnid, rowid, cellcontent)VALUES('	1135	','	7	','	18	','	509	','	7	');
INSERT INTO gfbio_content (contentid, headid, columnid, rowid, cellcontent)VALUES('	1136	','	7	','	17	','	510	','	166	');
INSERT INTO gfbio_content (contentid, headid, columnid, rowid, cellcontent)VALUES('	1137	','	7	','	18	','	510	','	7	');
INSERT INTO gfbio_content (contentid, headid, columnid, rowid, cellcontent)VALUES('	1138	','	7	','	17	','	511	','	190	');
INSERT INTO gfbio_content (contentid, headid, columnid, rowid, cellcontent)VALUES('	1139	','	7	','	18	','	511	','	7	');
INSERT INTO gfbio_content (contentid, headid, columnid, rowid, cellcontent)VALUES('	1140	','	7	','	17	','	512	','	193	');
INSERT INTO gfbio_content (contentid, headid, columnid, rowid, cellcontent)VALUES('	1141	','	7	','	18	','	512	','	7	');
INSERT INTO gfbio_content (contentid, headid, columnid, rowid, cellcontent)VALUES('	1142	','	7	','	17	','	513	','	196	');
INSERT INTO gfbio_content (contentid, headid, columnid, rowid, cellcontent)VALUES('	1143	','	7	','	18	','	513	','	7	');
INSERT INTO gfbio_content (contentid, headid, columnid, rowid, cellcontent)VALUES('	1144	','	7	','	17	','	514	','	199	');
INSERT INTO gfbio_content (contentid, headid, columnid, rowid, cellcontent)VALUES('	1145	','	7	','	18	','	514	','	7	');
INSERT INTO gfbio_content (contentid, headid, columnid, rowid, cellcontent)VALUES('	1146	','	7	','	17	','	515	','	202	');
INSERT INTO gfbio_content (contentid, headid, columnid, rowid, cellcontent)VALUES('	1147	','	7	','	18	','	515	','	7	');
INSERT INTO gfbio_content (contentid, headid, columnid, rowid, cellcontent)VALUES('	1148	','	7	','	17	','	516	','	205	');
INSERT INTO gfbio_content (contentid, headid, columnid, rowid, cellcontent)VALUES('	1149	','	7	','	18	','	516	','	7	');
INSERT INTO gfbio_content (contentid, headid, columnid, rowid, cellcontent)VALUES('	1150	','	7	','	17	','	517	','	211	');
INSERT INTO gfbio_content (contentid, headid, columnid, rowid, cellcontent)VALUES('	1151	','	7	','	18	','	517	','	7	');
INSERT INTO gfbio_content (contentid, headid, columnid, rowid, cellcontent)VALUES('	1152	','	7	','	17	','	518	','	220	');
INSERT INTO gfbio_content (contentid, headid, columnid, rowid, cellcontent)VALUES('	1153	','	7	','	18	','	518	','	7	');
INSERT INTO gfbio_content (contentid, headid, columnid, rowid, cellcontent)VALUES('	1154	','	7	','	17	','	519	','	223	');
INSERT INTO gfbio_content (contentid, headid, columnid, rowid, cellcontent)VALUES('	1155	','	7	','	18	','	519	','	7	');
INSERT INTO gfbio_content (contentid, headid, columnid, rowid, cellcontent)VALUES('	1156	','	7	','	17	','	520	','	226	');
INSERT INTO gfbio_content (contentid, headid, columnid, rowid, cellcontent)VALUES('	1157	','	7	','	18	','	520	','	7	');
INSERT INTO gfbio_content (contentid, headid, columnid, rowid, cellcontent)VALUES('	1158	','	7	','	17	','	521	','	232	');
INSERT INTO gfbio_content (contentid, headid, columnid, rowid, cellcontent)VALUES('	1159	','	7	','	18	','	521	','	7	');
INSERT INTO gfbio_content (contentid, headid, columnid, rowid, cellcontent)VALUES('	1160	','	7	','	17	','	522	','	250	');
INSERT INTO gfbio_content (contentid, headid, columnid, rowid, cellcontent)VALUES('	1161	','	7	','	18	','	522	','	7	');
INSERT INTO gfbio_content (contentid, headid, columnid, rowid, cellcontent)VALUES('	1162	','	7	','	17	','	523	','	253	');
INSERT INTO gfbio_content (contentid, headid, columnid, rowid, cellcontent)VALUES('	1163	','	7	','	18	','	523	','	7	');
INSERT INTO gfbio_content (contentid, headid, columnid, rowid, cellcontent)VALUES('	1164	','	7	','	17	','	524	','	256	');
INSERT INTO gfbio_content (contentid, headid, columnid, rowid, cellcontent)VALUES('	1165	','	7	','	18	','	524	','	7	');
INSERT INTO gfbio_content (contentid, headid, columnid, rowid, cellcontent)VALUES('	1166	','	7	','	17	','	525	','	259	');
INSERT INTO gfbio_content (contentid, headid, columnid, rowid, cellcontent)VALUES('	1167	','	7	','	18	','	525	','	7	');
INSERT INTO gfbio_content (contentid, headid, columnid, rowid, cellcontent)VALUES('	1168	','	7	','	17	','	526	','	268	');
INSERT INTO gfbio_content (contentid, headid, columnid, rowid, cellcontent)VALUES('	1169	','	7	','	18	','	526	','	7	');
INSERT INTO gfbio_content (contentid, headid, columnid, rowid, cellcontent)VALUES('	1170	','	7	','	17	','	527	','	217	');
INSERT INTO gfbio_content (contentid, headid, columnid, rowid, cellcontent)VALUES('	1171	','	7	','	18	','	527	','	7	');
INSERT INTO gfbio_content (contentid, headid, columnid, rowid, cellcontent)VALUES('	1172	','	7	','	17	','	528	','	274	');
INSERT INTO gfbio_content (contentid, headid, columnid, rowid, cellcontent)VALUES('	1173	','	7	','	18	','	528	','	7	');
INSERT INTO gfbio_content (contentid, headid, columnid, rowid, cellcontent)VALUES('	1174	','	7	','	17	','	529	','	277	');
INSERT INTO gfbio_content (contentid, headid, columnid, rowid, cellcontent)VALUES('	1175	','	7	','	18	','	529	','	7	');
INSERT INTO gfbio_content (contentid, headid, columnid, rowid, cellcontent)VALUES('	1176	','	7	','	17	','	530	','	280	');
INSERT INTO gfbio_content (contentid, headid, columnid, rowid, cellcontent)VALUES('	1177	','	7	','	18	','	530	','	7	');
INSERT INTO gfbio_content (contentid, headid, columnid, rowid, cellcontent)VALUES('	1178	','	7	','	17	','	531	','	292	');
INSERT INTO gfbio_content (contentid, headid, columnid, rowid, cellcontent)VALUES('	1179	','	7	','	18	','	531	','	7	');
INSERT INTO gfbio_content (contentid, headid, columnid, rowid, cellcontent)VALUES('	1180	','	7	','	17	','	532	','	295	');
INSERT INTO gfbio_content (contentid, headid, columnid, rowid, cellcontent)VALUES('	1181	','	7	','	18	','	532	','	7	');
INSERT INTO gfbio_content (contentid, headid, columnid, rowid, cellcontent)VALUES('	1182	','	7	','	17	','	533	','	1	');
INSERT INTO gfbio_content (contentid, headid, columnid, rowid, cellcontent)VALUES('	1183	','	7	','	18	','	533	','	8	');
INSERT INTO gfbio_content (contentid, headid, columnid, rowid, cellcontent)VALUES('	1184	','	7	','	17	','	534	','	716	');
INSERT INTO gfbio_content (contentid, headid, columnid, rowid, cellcontent)VALUES('	1185	','	7	','	18	','	534	','	8	');
INSERT INTO gfbio_content (contentid, headid, columnid, rowid, cellcontent)VALUES('	1186	','	7	','	17	','	535	','	19	');
INSERT INTO gfbio_content (contentid, headid, columnid, rowid, cellcontent)VALUES('	1187	','	7	','	18	','	535	','	8	');
INSERT INTO gfbio_content (contentid, headid, columnid, rowid, cellcontent)VALUES('	1188	','	7	','	17	','	536	','	31	');
INSERT INTO gfbio_content (contentid, headid, columnid, rowid, cellcontent)VALUES('	1189	','	7	','	18	','	536	','	8	');
INSERT INTO gfbio_content (contentid, headid, columnid, rowid, cellcontent)VALUES('	1190	','	7	','	17	','	537	','	73	');
INSERT INTO gfbio_content (contentid, headid, columnid, rowid, cellcontent)VALUES('	1191	','	7	','	18	','	537	','	8	');
INSERT INTO gfbio_content (contentid, headid, columnid, rowid, cellcontent)VALUES('	1192	','	7	','	17	','	538	','	76	');
INSERT INTO gfbio_content (contentid, headid, columnid, rowid, cellcontent)VALUES('	1193	','	7	','	18	','	538	','	8	');
INSERT INTO gfbio_content (contentid, headid, columnid, rowid, cellcontent)VALUES('	1194	','	7	','	17	','	539	','	85	');
INSERT INTO gfbio_content (contentid, headid, columnid, rowid, cellcontent)VALUES('	1195	','	7	','	18	','	539	','	8	');
INSERT INTO gfbio_content (contentid, headid, columnid, rowid, cellcontent)VALUES('	1196	','	7	','	17	','	540	','	97	');
INSERT INTO gfbio_content (contentid, headid, columnid, rowid, cellcontent)VALUES('	1197	','	7	','	18	','	540	','	8	');
INSERT INTO gfbio_content (contentid, headid, columnid, rowid, cellcontent)VALUES('	1198	','	7	','	17	','	541	','	103	');
INSERT INTO gfbio_content (contentid, headid, columnid, rowid, cellcontent)VALUES('	1199	','	7	','	18	','	541	','	8	');
INSERT INTO gfbio_content (contentid, headid, columnid, rowid, cellcontent)VALUES('	1200	','	7	','	17	','	542	','	118	');
INSERT INTO gfbio_content (contentid, headid, columnid, rowid, cellcontent)VALUES('	1201	','	7	','	18	','	542	','	8	');
INSERT INTO gfbio_content (contentid, headid, columnid, rowid, cellcontent)VALUES('	1202	','	7	','	17	','	543	','	127	');
INSERT INTO gfbio_content (contentid, headid, columnid, rowid, cellcontent)VALUES('	1203	','	7	','	18	','	543	','	8	');
INSERT INTO gfbio_content (contentid, headid, columnid, rowid, cellcontent)VALUES('	1204	','	7	','	17	','	544	','	139	');
INSERT INTO gfbio_content (contentid, headid, columnid, rowid, cellcontent)VALUES('	1205	','	7	','	18	','	544	','	8	');
INSERT INTO gfbio_content (contentid, headid, columnid, rowid, cellcontent)VALUES('	1206	','	7	','	17	','	545	','	142	');
INSERT INTO gfbio_content (contentid, headid, columnid, rowid, cellcontent)VALUES('	1207	','	7	','	18	','	545	','	8	');
INSERT INTO gfbio_content (contentid, headid, columnid, rowid, cellcontent)VALUES('	1208	','	7	','	17	','	546	','	148	');
INSERT INTO gfbio_content (contentid, headid, columnid, rowid, cellcontent)VALUES('	1209	','	7	','	18	','	546	','	8	');
INSERT INTO gfbio_content (contentid, headid, columnid, rowid, cellcontent)VALUES('	1210	','	7	','	17	','	547	','	157	');
INSERT INTO gfbio_content (contentid, headid, columnid, rowid, cellcontent)VALUES('	1211	','	7	','	18	','	547	','	8	');
INSERT INTO gfbio_content (contentid, headid, columnid, rowid, cellcontent)VALUES('	1212	','	7	','	17	','	548	','	160	');
INSERT INTO gfbio_content (contentid, headid, columnid, rowid, cellcontent)VALUES('	1213	','	7	','	18	','	548	','	8	');
INSERT INTO gfbio_content (contentid, headid, columnid, rowid, cellcontent)VALUES('	1214	','	7	','	17	','	549	','	169	');
INSERT INTO gfbio_content (contentid, headid, columnid, rowid, cellcontent)VALUES('	1215	','	7	','	18	','	549	','	8	');
INSERT INTO gfbio_content (contentid, headid, columnid, rowid, cellcontent)VALUES('	1216	','	7	','	17	','	550	','	193	');
INSERT INTO gfbio_content (contentid, headid, columnid, rowid, cellcontent)VALUES('	1217	','	7	','	18	','	550	','	8	');
INSERT INTO gfbio_content (contentid, headid, columnid, rowid, cellcontent)VALUES('	1218	','	7	','	17	','	551	','	199	');
INSERT INTO gfbio_content (contentid, headid, columnid, rowid, cellcontent)VALUES('	1219	','	7	','	18	','	551	','	8	');
INSERT INTO gfbio_content (contentid, headid, columnid, rowid, cellcontent)VALUES('	1220	','	7	','	17	','	552	','	211	');
INSERT INTO gfbio_content (contentid, headid, columnid, rowid, cellcontent)VALUES('	1221	','	7	','	18	','	552	','	8	');
INSERT INTO gfbio_content (contentid, headid, columnid, rowid, cellcontent)VALUES('	1222	','	7	','	17	','	553	','	214	');
INSERT INTO gfbio_content (contentid, headid, columnid, rowid, cellcontent)VALUES('	1223	','	7	','	18	','	553	','	8	');
INSERT INTO gfbio_content (contentid, headid, columnid, rowid, cellcontent)VALUES('	1224	','	7	','	17	','	554	','	223	');
INSERT INTO gfbio_content (contentid, headid, columnid, rowid, cellcontent)VALUES('	1225	','	7	','	18	','	554	','	8	');
INSERT INTO gfbio_content (contentid, headid, columnid, rowid, cellcontent)VALUES('	1226	','	7	','	17	','	555	','	235	');
INSERT INTO gfbio_content (contentid, headid, columnid, rowid, cellcontent)VALUES('	1227	','	7	','	18	','	555	','	8	');
INSERT INTO gfbio_content (contentid, headid, columnid, rowid, cellcontent)VALUES('	1228	','	7	','	17	','	556	','	244	');
INSERT INTO gfbio_content (contentid, headid, columnid, rowid, cellcontent)VALUES('	1229	','	7	','	18	','	556	','	8	');
INSERT INTO gfbio_content (contentid, headid, columnid, rowid, cellcontent)VALUES('	1230	','	7	','	17	','	557	','	247	');
INSERT INTO gfbio_content (contentid, headid, columnid, rowid, cellcontent)VALUES('	1231	','	7	','	18	','	557	','	8	');
INSERT INTO gfbio_content (contentid, headid, columnid, rowid, cellcontent)VALUES('	1232	','	7	','	17	','	558	','	256	');
INSERT INTO gfbio_content (contentid, headid, columnid, rowid, cellcontent)VALUES('	1233	','	7	','	18	','	558	','	8	');
INSERT INTO gfbio_content (contentid, headid, columnid, rowid, cellcontent)VALUES('	1234	','	7	','	17	','	559	','	268	');
INSERT INTO gfbio_content (contentid, headid, columnid, rowid, cellcontent)VALUES('	1235	','	7	','	18	','	559	','	8	');
INSERT INTO gfbio_content (contentid, headid, columnid, rowid, cellcontent)VALUES('	1236	','	7	','	17	','	560	','	271	');
INSERT INTO gfbio_content (contentid, headid, columnid, rowid, cellcontent)VALUES('	1237	','	7	','	18	','	560	','	8	');
INSERT INTO gfbio_content (contentid, headid, columnid, rowid, cellcontent)VALUES('	1238	','	7	','	17	','	561	','	274	');
INSERT INTO gfbio_content (contentid, headid, columnid, rowid, cellcontent)VALUES('	1239	','	7	','	18	','	561	','	8	');
INSERT INTO gfbio_content (contentid, headid, columnid, rowid, cellcontent)VALUES('	1240	','	7	','	17	','	562	','	277	');
INSERT INTO gfbio_content (contentid, headid, columnid, rowid, cellcontent)VALUES('	1241	','	7	','	18	','	562	','	8	');
INSERT INTO gfbio_content (contentid, headid, columnid, rowid, cellcontent)VALUES('	1247	','	7	','	17	','	565	','	1242	');
INSERT INTO gfbio_content (contentid, headid, columnid, rowid, cellcontent)VALUES('	1248	','	7	','	18	','	565	','	8	');
INSERT INTO gfbio_content (contentid, headid, columnid, rowid, cellcontent)VALUES('	1249	','	7	','	17	','	566	','	292	');
INSERT INTO gfbio_content (contentid, headid, columnid, rowid, cellcontent)VALUES('	1250	','	7	','	18	','	566	','	8	');
INSERT INTO gfbio_content (contentid, headid, columnid, rowid, cellcontent)VALUES('	1251	','	7	','	17	','	567	','	295	');
INSERT INTO gfbio_content (contentid, headid, columnid, rowid, cellcontent)VALUES('	1252	','	7	','	18	','	567	','	8	');
INSERT INTO gfbio_content (contentid, headid, columnid, rowid, cellcontent)VALUES('	1253	','	7	','	17	','	568	','	85	');
INSERT INTO gfbio_content (contentid, headid, columnid, rowid, cellcontent)VALUES('	1254	','	7	','	18	','	568	','	9	');
INSERT INTO gfbio_content (contentid, headid, columnid, rowid, cellcontent)VALUES('	1255	','	7	','	17	','	569	','	103	');
INSERT INTO gfbio_content (contentid, headid, columnid, rowid, cellcontent)VALUES('	1256	','	7	','	18	','	569	','	9	');
INSERT INTO gfbio_content (contentid, headid, columnid, rowid, cellcontent)VALUES('	1257	','	7	','	17	','	570	','	106	');
INSERT INTO gfbio_content (contentid, headid, columnid, rowid, cellcontent)VALUES('	1258	','	7	','	18	','	570	','	9	');
INSERT INTO gfbio_content (contentid, headid, columnid, rowid, cellcontent)VALUES('	1259	','	7	','	17	','	571	','	130	');
INSERT INTO gfbio_content (contentid, headid, columnid, rowid, cellcontent)VALUES('	1260	','	7	','	18	','	571	','	9	');
INSERT INTO gfbio_content (contentid, headid, columnid, rowid, cellcontent)VALUES('	1261	','	7	','	17	','	572	','	193	');
INSERT INTO gfbio_content (contentid, headid, columnid, rowid, cellcontent)VALUES('	1262	','	7	','	18	','	572	','	9	');
INSERT INTO gfbio_content (contentid, headid, columnid, rowid, cellcontent)VALUES('	1263	','	7	','	17	','	573	','	211	');
INSERT INTO gfbio_content (contentid, headid, columnid, rowid, cellcontent)VALUES('	1264	','	7	','	18	','	573	','	9	');



--- gfbio_category_type
INSERT INTO gfbio_content (contentid, headid, columnid, rowid, cellcontent)VALUES('	319	','	6	','	15	','	107	','	1	');
INSERT INTO gfbio_content (contentid, headid, columnid, rowid, cellcontent)VALUES('	320	','	6	','	16	','	107	','	313	');
INSERT INTO gfbio_content (contentid, headid, columnid, rowid, cellcontent)VALUES('	321	','	6	','	15	','	108	','	4	');
INSERT INTO gfbio_content (contentid, headid, columnid, rowid, cellcontent)VALUES('	322	','	6	','	16	','	108	','	316	');
INSERT INTO gfbio_content (contentid, headid, columnid, rowid, cellcontent)VALUES('	323	','	6	','	15	','	109	','	7	');
INSERT INTO gfbio_content (contentid, headid, columnid, rowid, cellcontent)VALUES('	324	','	6	','	16	','	109	','	301	');
INSERT INTO gfbio_content (contentid, headid, columnid, rowid, cellcontent)VALUES('	325	','	6	','	15	','	110	','	10	');
INSERT INTO gfbio_content (contentid, headid, columnid, rowid, cellcontent)VALUES('	326	','	6	','	16	','	110	','	313	');
INSERT INTO gfbio_content (contentid, headid, columnid, rowid, cellcontent)VALUES('	327	','	6	','	15	','	111	','	13	');
INSERT INTO gfbio_content (contentid, headid, columnid, rowid, cellcontent)VALUES('	328	','	6	','	16	','	111	','	301	');
INSERT INTO gfbio_content (contentid, headid, columnid, rowid, cellcontent)VALUES('	329	','	6	','	15	','	112	','	16	');
INSERT INTO gfbio_content (contentid, headid, columnid, rowid, cellcontent)VALUES('	330	','	6	','	16	','	112	','	313	');
INSERT INTO gfbio_content (contentid, headid, columnid, rowid, cellcontent)VALUES('	331	','	6	','	15	','	113	','	19	');
INSERT INTO gfbio_content (contentid, headid, columnid, rowid, cellcontent)VALUES('	332	','	6	','	16	','	113	','	316	');
INSERT INTO gfbio_content (contentid, headid, columnid, rowid, cellcontent)VALUES('	333	','	6	','	15	','	114	','	22	');
INSERT INTO gfbio_content (contentid, headid, columnid, rowid, cellcontent)VALUES('	334	','	6	','	16	','	114	','	313	');
INSERT INTO gfbio_content (contentid, headid, columnid, rowid, cellcontent)VALUES('	335	','	6	','	15	','	115	','	25	');
INSERT INTO gfbio_content (contentid, headid, columnid, rowid, cellcontent)VALUES('	336	','	6	','	16	','	115	','	313	');
INSERT INTO gfbio_content (contentid, headid, columnid, rowid, cellcontent)VALUES('	337	','	6	','	15	','	116	','	28	');
INSERT INTO gfbio_content (contentid, headid, columnid, rowid, cellcontent)VALUES('	338	','	6	','	16	','	116	','	316	');
INSERT INTO gfbio_content (contentid, headid, columnid, rowid, cellcontent)VALUES('	339	','	6	','	15	','	117	','	31	');
INSERT INTO gfbio_content (contentid, headid, columnid, rowid, cellcontent)VALUES('	340	','	6	','	16	','	117	','	316	');
INSERT INTO gfbio_content (contentid, headid, columnid, rowid, cellcontent)VALUES('	341	','	6	','	15	','	118	','	34	');
INSERT INTO gfbio_content (contentid, headid, columnid, rowid, cellcontent)VALUES('	342	','	6	','	16	','	118	','	316	');
INSERT INTO gfbio_content (contentid, headid, columnid, rowid, cellcontent)VALUES('	343	','	6	','	15	','	119	','	37	');
INSERT INTO gfbio_content (contentid, headid, columnid, rowid, cellcontent)VALUES('	344	','	6	','	16	','	119	','	313	');
INSERT INTO gfbio_content (contentid, headid, columnid, rowid, cellcontent)VALUES('	345	','	6	','	15	','	120	','	40	');
INSERT INTO gfbio_content (contentid, headid, columnid, rowid, cellcontent)VALUES('	346	','	6	','	16	','	120	','	313	');
INSERT INTO gfbio_content (contentid, headid, columnid, rowid, cellcontent)VALUES('	347	','	6	','	15	','	121	','	43	');
INSERT INTO gfbio_content (contentid, headid, columnid, rowid, cellcontent)VALUES('	348	','	6	','	16	','	121	','	313	');
INSERT INTO gfbio_content (contentid, headid, columnid, rowid, cellcontent)VALUES('	349	','	6	','	15	','	122	','	46	');
INSERT INTO gfbio_content (contentid, headid, columnid, rowid, cellcontent)VALUES('	350	','	6	','	16	','	122	','	304	');
INSERT INTO gfbio_content (contentid, headid, columnid, rowid, cellcontent)VALUES('	351	','	6	','	15	','	123	','	49	');
INSERT INTO gfbio_content (contentid, headid, columnid, rowid, cellcontent)VALUES('	352	','	6	','	16	','	123	','	307	');
INSERT INTO gfbio_content (contentid, headid, columnid, rowid, cellcontent)VALUES('	353	','	6	','	15	','	124	','	52	');
INSERT INTO gfbio_content (contentid, headid, columnid, rowid, cellcontent)VALUES('	354	','	6	','	16	','	124	','	301	');
INSERT INTO gfbio_content (contentid, headid, columnid, rowid, cellcontent)VALUES('	355	','	6	','	15	','	125	','	55	');
INSERT INTO gfbio_content (contentid, headid, columnid, rowid, cellcontent)VALUES('	356	','	6	','	16	','	125	','	313	');
INSERT INTO gfbio_content (contentid, headid, columnid, rowid, cellcontent)VALUES('	357	','	6	','	15	','	126	','	58	');
INSERT INTO gfbio_content (contentid, headid, columnid, rowid, cellcontent)VALUES('	358	','	6	','	16	','	126	','	316	');
INSERT INTO gfbio_content (contentid, headid, columnid, rowid, cellcontent)VALUES('	359	','	6	','	15	','	127	','	61	');
INSERT INTO gfbio_content (contentid, headid, columnid, rowid, cellcontent)VALUES('	360	','	6	','	16	','	127	','	316	');
INSERT INTO gfbio_content (contentid, headid, columnid, rowid, cellcontent)VALUES('	361	','	6	','	15	','	128	','	64	');
INSERT INTO gfbio_content (contentid, headid, columnid, rowid, cellcontent)VALUES('	362	','	6	','	16	','	128	','	313	');
INSERT INTO gfbio_content (contentid, headid, columnid, rowid, cellcontent)VALUES('	363	','	6	','	15	','	129	','	67	');
INSERT INTO gfbio_content (contentid, headid, columnid, rowid, cellcontent)VALUES('	364	','	6	','	16	','	129	','	313	');
INSERT INTO gfbio_content (contentid, headid, columnid, rowid, cellcontent)VALUES('	365	','	6	','	15	','	130	','	70	');
INSERT INTO gfbio_content (contentid, headid, columnid, rowid, cellcontent)VALUES('	366	','	6	','	16	','	130	','	316	');
INSERT INTO gfbio_content (contentid, headid, columnid, rowid, cellcontent)VALUES('	367	','	6	','	15	','	131	','	73	');
INSERT INTO gfbio_content (contentid, headid, columnid, rowid, cellcontent)VALUES('	368	','	6	','	16	','	131	','	307	');
INSERT INTO gfbio_content (contentid, headid, columnid, rowid, cellcontent)VALUES('	369	','	6	','	15	','	132	','	76	');
INSERT INTO gfbio_content (contentid, headid, columnid, rowid, cellcontent)VALUES('	370	','	6	','	16	','	132	','	298	');
INSERT INTO gfbio_content (contentid, headid, columnid, rowid, cellcontent)VALUES('	371	','	6	','	15	','	133	','	79	');
INSERT INTO gfbio_content (contentid, headid, columnid, rowid, cellcontent)VALUES('	372	','	6	','	16	','	133	','	316	');
INSERT INTO gfbio_content (contentid, headid, columnid, rowid, cellcontent)VALUES('	373	','	6	','	15	','	134	','	82	');
INSERT INTO gfbio_content (contentid, headid, columnid, rowid, cellcontent)VALUES('	374	','	6	','	16	','	134	','	313	');
INSERT INTO gfbio_content (contentid, headid, columnid, rowid, cellcontent)VALUES('	375	','	6	','	15	','	135	','	85	');
INSERT INTO gfbio_content (contentid, headid, columnid, rowid, cellcontent)VALUES('	376	','	6	','	16	','	135	','	298	');
INSERT INTO gfbio_content (contentid, headid, columnid, rowid, cellcontent)VALUES('	377	','	6	','	15	','	136	','	88	');
INSERT INTO gfbio_content (contentid, headid, columnid, rowid, cellcontent)VALUES('	378	','	6	','	16	','	136	','	310	');
INSERT INTO gfbio_content (contentid, headid, columnid, rowid, cellcontent)VALUES('	379	','	6	','	15	','	137	','	91	');
INSERT INTO gfbio_content (contentid, headid, columnid, rowid, cellcontent)VALUES('	380	','	6	','	16	','	137	','	310	');
INSERT INTO gfbio_content (contentid, headid, columnid, rowid, cellcontent)VALUES('	381	','	6	','	15	','	138	','	94	');
INSERT INTO gfbio_content (contentid, headid, columnid, rowid, cellcontent)VALUES('	382	','	6	','	16	','	138	','	316	');
INSERT INTO gfbio_content (contentid, headid, columnid, rowid, cellcontent)VALUES('	383	','	6	','	15	','	139	','	97	');
INSERT INTO gfbio_content (contentid, headid, columnid, rowid, cellcontent)VALUES('	384	','	6	','	16	','	139	','	304	');
INSERT INTO gfbio_content (contentid, headid, columnid, rowid, cellcontent)VALUES('	385	','	6	','	15	','	140	','	103	');
INSERT INTO gfbio_content (contentid, headid, columnid, rowid, cellcontent)VALUES('	386	','	6	','	16	','	140	','	298	');
INSERT INTO gfbio_content (contentid, headid, columnid, rowid, cellcontent)VALUES('	387	','	6	','	15	','	141	','	106	');
INSERT INTO gfbio_content (contentid, headid, columnid, rowid, cellcontent)VALUES('	388	','	6	','	16	','	141	','	298	');
INSERT INTO gfbio_content (contentid, headid, columnid, rowid, cellcontent)VALUES('	389	','	6	','	15	','	142	','	109	');
INSERT INTO gfbio_content (contentid, headid, columnid, rowid, cellcontent)VALUES('	390	','	6	','	16	','	142	','	316	');
INSERT INTO gfbio_content (contentid, headid, columnid, rowid, cellcontent)VALUES('	391	','	6	','	15	','	143	','	112	');
INSERT INTO gfbio_content (contentid, headid, columnid, rowid, cellcontent)VALUES('	392	','	6	','	16	','	143	','	307	');
INSERT INTO gfbio_content (contentid, headid, columnid, rowid, cellcontent)VALUES('	393	','	6	','	15	','	144	','	118	');
INSERT INTO gfbio_content (contentid, headid, columnid, rowid, cellcontent)VALUES('	394	','	6	','	16	','	144	','	313	');
INSERT INTO gfbio_content (contentid, headid, columnid, rowid, cellcontent)VALUES('	395	','	6	','	15	','	145	','	121	');
INSERT INTO gfbio_content (contentid, headid, columnid, rowid, cellcontent)VALUES('	396	','	6	','	16	','	145	','	313	');
INSERT INTO gfbio_content (contentid, headid, columnid, rowid, cellcontent)VALUES('	397	','	6	','	15	','	146	','	124	');
INSERT INTO gfbio_content (contentid, headid, columnid, rowid, cellcontent)VALUES('	398	','	6	','	16	','	146	','	313	');
INSERT INTO gfbio_content (contentid, headid, columnid, rowid, cellcontent)VALUES('	399	','	6	','	15	','	147	','	127	');
INSERT INTO gfbio_content (contentid, headid, columnid, rowid, cellcontent)VALUES('	400	','	6	','	16	','	147	','	298	');
INSERT INTO gfbio_content (contentid, headid, columnid, rowid, cellcontent)VALUES('	401	','	6	','	15	','	148	','	130	');
INSERT INTO gfbio_content (contentid, headid, columnid, rowid, cellcontent)VALUES('	402	','	6	','	16	','	148	','	298	');
INSERT INTO gfbio_content (contentid, headid, columnid, rowid, cellcontent)VALUES('	403	','	6	','	15	','	149	','	133	');
INSERT INTO gfbio_content (contentid, headid, columnid, rowid, cellcontent)VALUES('	404	','	6	','	16	','	149	','	316	');
INSERT INTO gfbio_content (contentid, headid, columnid, rowid, cellcontent)VALUES('	405	','	6	','	15	','	150	','	136	');
INSERT INTO gfbio_content (contentid, headid, columnid, rowid, cellcontent)VALUES('	406	','	6	','	16	','	150	','	313	');
INSERT INTO gfbio_content (contentid, headid, columnid, rowid, cellcontent)VALUES('	407	','	6	','	15	','	151	','	139	');
INSERT INTO gfbio_content (contentid, headid, columnid, rowid, cellcontent)VALUES('	408	','	6	','	16	','	151	','	313	');
INSERT INTO gfbio_content (contentid, headid, columnid, rowid, cellcontent)VALUES('	409	','	6	','	15	','	152	','	142	');
INSERT INTO gfbio_content (contentid, headid, columnid, rowid, cellcontent)VALUES('	410	','	6	','	16	','	152	','	316	');
INSERT INTO gfbio_content (contentid, headid, columnid, rowid, cellcontent)VALUES('	411	','	6	','	15	','	153	','	145	');
INSERT INTO gfbio_content (contentid, headid, columnid, rowid, cellcontent)VALUES('	412	','	6	','	16	','	153	','	316	');
INSERT INTO gfbio_content (contentid, headid, columnid, rowid, cellcontent)VALUES('	413	','	6	','	15	','	154	','	148	');
INSERT INTO gfbio_content (contentid, headid, columnid, rowid, cellcontent)VALUES('	414	','	6	','	16	','	154	','	316	');
INSERT INTO gfbio_content (contentid, headid, columnid, rowid, cellcontent)VALUES('	415	','	6	','	15	','	155	','	151	');
INSERT INTO gfbio_content (contentid, headid, columnid, rowid, cellcontent)VALUES('	416	','	6	','	16	','	155	','	313	');
INSERT INTO gfbio_content (contentid, headid, columnid, rowid, cellcontent)VALUES('	417	','	6	','	15	','	156	','	154	');
INSERT INTO gfbio_content (contentid, headid, columnid, rowid, cellcontent)VALUES('	418	','	6	','	16	','	156	','	316	');
INSERT INTO gfbio_content (contentid, headid, columnid, rowid, cellcontent)VALUES('	419	','	6	','	15	','	157	','	157	');
INSERT INTO gfbio_content (contentid, headid, columnid, rowid, cellcontent)VALUES('	420	','	6	','	16	','	157	','	304	');
INSERT INTO gfbio_content (contentid, headid, columnid, rowid, cellcontent)VALUES('	421	','	6	','	15	','	158	','	160	');
INSERT INTO gfbio_content (contentid, headid, columnid, rowid, cellcontent)VALUES('	422	','	6	','	16	','	158	','	310	');
INSERT INTO gfbio_content (contentid, headid, columnid, rowid, cellcontent)VALUES('	423	','	6	','	15	','	159	','	163	');
INSERT INTO gfbio_content (contentid, headid, columnid, rowid, cellcontent)VALUES('	424	','	6	','	16	','	159	','	310	');
INSERT INTO gfbio_content (contentid, headid, columnid, rowid, cellcontent)VALUES('	425	','	6	','	15	','	160	','	166	');
INSERT INTO gfbio_content (contentid, headid, columnid, rowid, cellcontent)VALUES('	426	','	6	','	16	','	160	','	316	');
INSERT INTO gfbio_content (contentid, headid, columnid, rowid, cellcontent)VALUES('	427	','	6	','	15	','	161	','	169	');
INSERT INTO gfbio_content (contentid, headid, columnid, rowid, cellcontent)VALUES('	428	','	6	','	16	','	161	','	316	');
INSERT INTO gfbio_content (contentid, headid, columnid, rowid, cellcontent)VALUES('	429	','	6	','	15	','	162	','	172	');
INSERT INTO gfbio_content (contentid, headid, columnid, rowid, cellcontent)VALUES('	430	','	6	','	16	','	162	','	310	');
INSERT INTO gfbio_content (contentid, headid, columnid, rowid, cellcontent)VALUES('	431	','	6	','	15	','	163	','	175	');
INSERT INTO gfbio_content (contentid, headid, columnid, rowid, cellcontent)VALUES('	432	','	6	','	16	','	163	','	310	');
INSERT INTO gfbio_content (contentid, headid, columnid, rowid, cellcontent)VALUES('	433	','	6	','	15	','	164	','	178	');
INSERT INTO gfbio_content (contentid, headid, columnid, rowid, cellcontent)VALUES('	434	','	6	','	16	','	164	','	310	');
INSERT INTO gfbio_content (contentid, headid, columnid, rowid, cellcontent)VALUES('	435	','	6	','	15	','	165	','	181	');
INSERT INTO gfbio_content (contentid, headid, columnid, rowid, cellcontent)VALUES('	436	','	6	','	16	','	165	','	310	');
INSERT INTO gfbio_content (contentid, headid, columnid, rowid, cellcontent)VALUES('	437	','	6	','	15	','	166	','	184	');
INSERT INTO gfbio_content (contentid, headid, columnid, rowid, cellcontent)VALUES('	438	','	6	','	16	','	166	','	316	');
INSERT INTO gfbio_content (contentid, headid, columnid, rowid, cellcontent)VALUES('	439	','	6	','	15	','	167	','	187	');
INSERT INTO gfbio_content (contentid, headid, columnid, rowid, cellcontent)VALUES('	440	','	6	','	16	','	167	','	316	');
INSERT INTO gfbio_content (contentid, headid, columnid, rowid, cellcontent)VALUES('	441	','	6	','	15	','	168	','	190	');
INSERT INTO gfbio_content (contentid, headid, columnid, rowid, cellcontent)VALUES('	442	','	6	','	16	','	168	','	316	');
INSERT INTO gfbio_content (contentid, headid, columnid, rowid, cellcontent)VALUES('	443	','	6	','	15	','	169	','	193	');
INSERT INTO gfbio_content (contentid, headid, columnid, rowid, cellcontent)VALUES('	444	','	6	','	16	','	169	','	307	');
INSERT INTO gfbio_content (contentid, headid, columnid, rowid, cellcontent)VALUES('	445	','	6	','	15	','	170	','	196	');
INSERT INTO gfbio_content (contentid, headid, columnid, rowid, cellcontent)VALUES('	446	','	6	','	16	','	170	','	316	');
INSERT INTO gfbio_content (contentid, headid, columnid, rowid, cellcontent)VALUES('	447	','	6	','	15	','	171	','	199	');
INSERT INTO gfbio_content (contentid, headid, columnid, rowid, cellcontent)VALUES('	448	','	6	','	16	','	171	','	307	');
INSERT INTO gfbio_content (contentid, headid, columnid, rowid, cellcontent)VALUES('	449	','	6	','	15	','	172	','	202	');
INSERT INTO gfbio_content (contentid, headid, columnid, rowid, cellcontent)VALUES('	450	','	6	','	16	','	172	','	301	');
INSERT INTO gfbio_content (contentid, headid, columnid, rowid, cellcontent)VALUES('	451	','	6	','	15	','	173	','	205	');
INSERT INTO gfbio_content (contentid, headid, columnid, rowid, cellcontent)VALUES('	452	','	6	','	16	','	173	','	316	');
INSERT INTO gfbio_content (contentid, headid, columnid, rowid, cellcontent)VALUES('	453	','	6	','	15	','	174	','	208	');
INSERT INTO gfbio_content (contentid, headid, columnid, rowid, cellcontent)VALUES('	454	','	6	','	16	','	174	','	313	');
INSERT INTO gfbio_content (contentid, headid, columnid, rowid, cellcontent)VALUES('	455	','	6	','	15	','	175	','	211	');
INSERT INTO gfbio_content (contentid, headid, columnid, rowid, cellcontent)VALUES('	456	','	6	','	16	','	175	','	307	');
INSERT INTO gfbio_content (contentid, headid, columnid, rowid, cellcontent)VALUES('	457	','	6	','	15	','	176	','	214	');
INSERT INTO gfbio_content (contentid, headid, columnid, rowid, cellcontent)VALUES('	458	','	6	','	16	','	176	','	304	');
INSERT INTO gfbio_content (contentid, headid, columnid, rowid, cellcontent)VALUES('	459	','	6	','	15	','	177	','	217	');
INSERT INTO gfbio_content (contentid, headid, columnid, rowid, cellcontent)VALUES('	460	','	6	','	16	','	177	','	316	');
INSERT INTO gfbio_content (contentid, headid, columnid, rowid, cellcontent)VALUES('	461	','	6	','	15	','	178	','	220	');
INSERT INTO gfbio_content (contentid, headid, columnid, rowid, cellcontent)VALUES('	462	','	6	','	16	','	178	','	301	');
INSERT INTO gfbio_content (contentid, headid, columnid, rowid, cellcontent)VALUES('	463	','	6	','	15	','	179	','	223	');
INSERT INTO gfbio_content (contentid, headid, columnid, rowid, cellcontent)VALUES('	464	','	6	','	16	','	179	','	316	');
INSERT INTO gfbio_content (contentid, headid, columnid, rowid, cellcontent)VALUES('	465	','	6	','	15	','	180	','	226	');
INSERT INTO gfbio_content (contentid, headid, columnid, rowid, cellcontent)VALUES('	466	','	6	','	16	','	180	','	316	');
INSERT INTO gfbio_content (contentid, headid, columnid, rowid, cellcontent)VALUES('	467	','	6	','	15	','	181	','	229	');
INSERT INTO gfbio_content (contentid, headid, columnid, rowid, cellcontent)VALUES('	468	','	6	','	16	','	181	','	316	');
INSERT INTO gfbio_content (contentid, headid, columnid, rowid, cellcontent)VALUES('	469	','	6	','	15	','	182	','	232	');
INSERT INTO gfbio_content (contentid, headid, columnid, rowid, cellcontent)VALUES('	470	','	6	','	16	','	182	','	316	');
INSERT INTO gfbio_content (contentid, headid, columnid, rowid, cellcontent)VALUES('	471	','	6	','	15	','	183	','	235	');
INSERT INTO gfbio_content (contentid, headid, columnid, rowid, cellcontent)VALUES('	472	','	6	','	16	','	183	','	316	');
INSERT INTO gfbio_content (contentid, headid, columnid, rowid, cellcontent)VALUES('	473	','	6	','	15	','	184	','	238	');
INSERT INTO gfbio_content (contentid, headid, columnid, rowid, cellcontent)VALUES('	474	','	6	','	16	','	184	','	313	');
INSERT INTO gfbio_content (contentid, headid, columnid, rowid, cellcontent)VALUES('	475	','	6	','	15	','	185	','	241	');
INSERT INTO gfbio_content (contentid, headid, columnid, rowid, cellcontent)VALUES('	476	','	6	','	16	','	185	','	298	');
INSERT INTO gfbio_content (contentid, headid, columnid, rowid, cellcontent)VALUES('	477	','	6	','	15	','	186	','	244	');
INSERT INTO gfbio_content (contentid, headid, columnid, rowid, cellcontent)VALUES('	478	','	6	','	16	','	186	','	316	');
INSERT INTO gfbio_content (contentid, headid, columnid, rowid, cellcontent)VALUES('	479	','	6	','	15	','	187	','	247	');
INSERT INTO gfbio_content (contentid, headid, columnid, rowid, cellcontent)VALUES('	480	','	6	','	16	','	187	','	313	');
INSERT INTO gfbio_content (contentid, headid, columnid, rowid, cellcontent)VALUES('	481	','	6	','	15	','	188	','	250	');
INSERT INTO gfbio_content (contentid, headid, columnid, rowid, cellcontent)VALUES('	482	','	6	','	16	','	188	','	298	');
INSERT INTO gfbio_content (contentid, headid, columnid, rowid, cellcontent)VALUES('	483	','	6	','	15	','	189	','	253	');
INSERT INTO gfbio_content (contentid, headid, columnid, rowid, cellcontent)VALUES('	484	','	6	','	16	','	189	','	310	');
INSERT INTO gfbio_content (contentid, headid, columnid, rowid, cellcontent)VALUES('	485	','	6	','	15	','	190	','	256	');
INSERT INTO gfbio_content (contentid, headid, columnid, rowid, cellcontent)VALUES('	486	','	6	','	16	','	190	','	313	');
INSERT INTO gfbio_content (contentid, headid, columnid, rowid, cellcontent)VALUES('	487	','	6	','	15	','	191	','	259	');
INSERT INTO gfbio_content (contentid, headid, columnid, rowid, cellcontent)VALUES('	488	','	6	','	16	','	191	','	313	');
INSERT INTO gfbio_content (contentid, headid, columnid, rowid, cellcontent)VALUES('	489	','	6	','	15	','	192	','	262	');
INSERT INTO gfbio_content (contentid, headid, columnid, rowid, cellcontent)VALUES('	490	','	6	','	16	','	192	','	313	');
INSERT INTO gfbio_content (contentid, headid, columnid, rowid, cellcontent)VALUES('	491	','	6	','	15	','	193	','	265	');
INSERT INTO gfbio_content (contentid, headid, columnid, rowid, cellcontent)VALUES('	492	','	6	','	16	','	193	','	307	');
INSERT INTO gfbio_content (contentid, headid, columnid, rowid, cellcontent)VALUES('	493	','	6	','	15	','	194	','	268	');
INSERT INTO gfbio_content (contentid, headid, columnid, rowid, cellcontent)VALUES('	494	','	6	','	16	','	194	','	310	');
INSERT INTO gfbio_content (contentid, headid, columnid, rowid, cellcontent)VALUES('	495	','	6	','	15	','	195	','	271	');
INSERT INTO gfbio_content (contentid, headid, columnid, rowid, cellcontent)VALUES('	496	','	6	','	16	','	195	','	304	');
INSERT INTO gfbio_content (contentid, headid, columnid, rowid, cellcontent)VALUES('	497	','	6	','	15	','	196	','	274	');
INSERT INTO gfbio_content (contentid, headid, columnid, rowid, cellcontent)VALUES('	498	','	6	','	16	','	196	','	307	');
INSERT INTO gfbio_content (contentid, headid, columnid, rowid, cellcontent)VALUES('	499	','	6	','	15	','	197	','	277	');
INSERT INTO gfbio_content (contentid, headid, columnid, rowid, cellcontent)VALUES('	500	','	6	','	16	','	197	','	313	');
INSERT INTO gfbio_content (contentid, headid, columnid, rowid, cellcontent)VALUES('	501	','	6	','	15	','	198	','	280	');
INSERT INTO gfbio_content (contentid, headid, columnid, rowid, cellcontent)VALUES('	502	','	6	','	16	','	198	','	316	');
INSERT INTO gfbio_content (contentid, headid, columnid, rowid, cellcontent)VALUES('	503	','	6	','	15	','	199	','	283	');
INSERT INTO gfbio_content (contentid, headid, columnid, rowid, cellcontent)VALUES('	504	','	6	','	16	','	199	','	316	');
INSERT INTO gfbio_content (contentid, headid, columnid, rowid, cellcontent)VALUES('	505	','	6	','	15	','	200	','	286	');
INSERT INTO gfbio_content (contentid, headid, columnid, rowid, cellcontent)VALUES('	506	','	6	','	16	','	200	','	316	');
INSERT INTO gfbio_content (contentid, headid, columnid, rowid, cellcontent)VALUES('	507	','	6	','	15	','	201	','	289	');
INSERT INTO gfbio_content (contentid, headid, columnid, rowid, cellcontent)VALUES('	508	','	6	','	16	','	201	','	316	');
INSERT INTO gfbio_content (contentid, headid, columnid, rowid, cellcontent)VALUES('	509	','	6	','	15	','	202	','	292	');
INSERT INTO gfbio_content (contentid, headid, columnid, rowid, cellcontent)VALUES('	510	','	6	','	16	','	202	','	298	');
INSERT INTO gfbio_content (contentid, headid, columnid, rowid, cellcontent)VALUES('	511	','	6	','	15	','	203	','	295	');
INSERT INTO gfbio_content (contentid, headid, columnid, rowid, cellcontent)VALUES('	512	','	6	','	16	','	203	','	301	');
INSERT INTO gfbio_content (contentid, headid, columnid, rowid, cellcontent)VALUES('	627	','	6	','	15	','	257	','	624	');
INSERT INTO gfbio_content (contentid, headid, columnid, rowid, cellcontent)VALUES('	628	','	6	','	16	','	257	','	304	');
INSERT INTO gfbio_content (contentid, headid, columnid, rowid, cellcontent)VALUES('	698	','	6	','	15	','	292	','	695	');
INSERT INTO gfbio_content (contentid, headid, columnid, rowid, cellcontent)VALUES('	699	','	6	','	16	','	292	','	304	');
INSERT INTO gfbio_content (contentid, headid, columnid, rowid, cellcontent)VALUES('	719	','	6	','	15	','	302	','	716	');
INSERT INTO gfbio_content (contentid, headid, columnid, rowid, cellcontent)VALUES('	720	','	6	','	16	','	302	','	316	');
INSERT INTO gfbio_content (contentid, headid, columnid, rowid, cellcontent)VALUES('	1090','	6	','	15	','	487	','	1087');
INSERT INTO gfbio_content (contentid, headid, columnid, rowid, cellcontent)VALUES('	1091','	6	','	16	','	487	','	313	');
INSERT INTO gfbio_content (contentid, headid, columnid, rowid, cellcontent)VALUES('	1245','	6	','	15	','	564	','	1242');
INSERT INTO gfbio_content (contentid, headid, columnid, rowid, cellcontent)VALUES('	1246','	6	','	16	','	564	','	316	');


--- gfbio_category_researchfield



--------------------------------------------------------------------------------------------
--------------------------------------- Other entity ---------------------------------------
--------------------------------------    Content    ---------------------------------------
--------------------------------------------------------------------------------------------



------------------------------------- Content Data Provider -------------------------------------


INSERT INTO gfbio_dataprovider (dataproviderid, name, label)  VALUES ('1', 'Botanischer Garten und Botanisches Museum Berlin Dahlem it-Service', 'BGBM');
INSERT INTO gfbio_dataprovider (dataproviderid, name, label)  VALUES ('2', 'Deutsche Sammlung von Mikroorganismen und Zellkulturen GmbH', 'DSMZ');
INSERT INTO gfbio_dataprovider (dataproviderid, name, label)  VALUES ('3', 'Museum für Naturkunde - Leibniz-Institut für Evolution und Biodiversitätsforschung', 'MfN');
INSERT INTO gfbio_dataprovider (dataproviderid, name, label)  VALUES ('4', 'PANGAEA Data Publisher for Earth & Environmental Science', 'PANGAEA');
INSERT INTO gfbio_dataprovider (dataproviderid, name, label)  VALUES ('5', 'Senckenberg Gesellschaft für Naturforschung', 'SGN');
INSERT INTO gfbio_dataprovider (dataproviderid, name, label)  VALUES ('6', 'Staatliches Museum für Naturkunde Stuttgart', 'SMNS');
INSERT INTO gfbio_dataprovider (dataproviderid, name, label)  VALUES ('7', 'Staatliche Naturwissenschaftliche Sammlungen Bayerns IT Center', 'SNSB');
INSERT INTO gfbio_dataprovider (dataproviderid, name, label)  VALUES ('8', 'Zoologisches Forschungsmuseum Alexander Koenig', 'ZFMK');
INSERT INTO gfbio_dataprovider (dataproviderid, name, label)  VALUES ('9', 'European Nucleotide Archive', 'ENA');


------------------------------------- Content Research Object -------------------------------------


INSERT INTO gfbio_researchobject (researchobjectid, researchobjectversion, label,researchobjecttype) VALUES ('1','1','s1','sample');
INSERT INTO gfbio_researchobject (researchobjectid, researchobjectversion, label,researchobjecttype) VALUES ('2','1','s2','sample');
INSERT INTO gfbio_researchobject (researchobjectid, researchobjectversion, label,researchobjecttype) VALUES ('3','1','s4','sample');
INSERT INTO gfbio_researchobject (researchobjectid, researchobjectversion, label,researchobjecttype) VALUES ('4','1','E1','experiment');


------------------------------------- Content Submission Registry -------------------------------------


--INSERT INTO gfbio_submissionregistry (researchobjectid,researchobjectversion,archive,archivepid,archivepidtype,userid,brokersubmissionid, status) VALUES (1,1,'ENA','tENA01',1265,10199,'a0eebc99-9c0b-4ef8-bb6d-6bb9bd380a11', 'local');
--INSERT INTO gfbio_submissionregistry (researchobjectid,researchobjectversion,archive,archivepid,archivepidtype,userid,brokersubmissionid, status) VALUES (2,1,'PANGAEA','tPAN01',1268,10199,'a0eebc99-9c0b-4ef8-bb6d-6bb9bd380a11', 'local');
--INSERT INTO gfbio_submissionregistry (researchobjectid,researchobjectversion,archive,archivepid,archivepidtype,userid,brokersubmissionid, status) VALUES (3,1,'ENA','tENA02',1265,10199,'E7DAA13C-1AA7-40E7-AFCA-D0986F0AAC95', 'local');
--INSERT INTO gfbio_submissionregistry (researchobjectid,researchobjectversion,archive,archivepid,archivepidtype,userid,brokersubmissionid, status) VALUES (3,1,'PANGAEA','tPAN02',1268,10199,'E7DAA13C-1AA7-40E7-AFCA-D0986F0AAC95', 'local');


--------------------------------------------------------------------------------------------
----------------------------------- Other relationships ------------------------------------
--------------------------------------    Content    ---------------------------------------
--------------------------------------------------------------------------------------------


INSERT INTO gfbio_dataprovider_persistentidentifier (gfbio_dataprovider, gfbio_persistentidentifier) VALUES ('4','1268');
INSERT INTO gfbio_dataprovider_persistentidentifier (gfbio_dataprovider, gfbio_persistentidentifier) VALUES ('9','1265');





